id_person	id_response	StartDate	EndDate	Status	Progress	Duration (in seconds)	Finished	RecordedDate	Q1.3	Q1.4	Q1.5	Q2.3	Q2.3_3_TEXT	Q2.4	Q2.4_6_TEXT	Q2.5_1	Q2.5_12	Q2.5_2	Q2.5_13	Q2.5_3	Q2.5_4	Q2.5_5	Q2.5_6	Q2.5_7	Q2.5_8	Q2.5_9	Q2.5_11	Q2.5_10	Q2.5_10_TEXT	Q2.6	Q2.7	Q2.7_5_TEXT	Q2.8_1	Q2.8_2	Q2.8_3	Q2.8_4	Q2.8_5	Q2.8_6	Q2.8_7	Q2.8_8	Q2.8_8_TEXT	Q3.1	Q4.1	Q4.2	Q4.3	Q5.1_1	Q5.1_2	Q5.1_3	Q5.1_4	Q5.1_5	Q5.1_6	Q5.2_1	Q5.2_2	Q5.2_3	Q5.2_4	Q5.2_5	Q5.2_6	Q5.2_7	Q5.3_1	Q5.3_2	Q5.3_3	Q5.3_4	Q5.3_5	Q5.3_6	Q5.3_7	Q5.3_8	Q5.4	Q5.5
36	4	2020-10-19T23:28:51Z	2020-10-19T23:47:43Z	IP Address	100	1132	TRUE	2020-10-19T23:47:43Z	Yes. I am 18 years of age or older.	Yes. I have read the consent form and this response will serve as my consent to participate in the research study.	NA	Tuesday, October 20, 2020	NA	Virginia Tech	NA	NA	NA	NA	NA	NA	NA	NA	NA	NA	Student (Graduate)	NA	NA	NA	NA	Windows	Female	NA	NA	NA	NA	NA	NA	NA	NA	Prefer to self describe	Why does it matter?	Samir Student	I have installed it, but have only done simple examples with them	I have some idea of what it is, but am not too clear	I could struggle through by trial and error with a lot of web searches	NA	To refresh or review my skills	To learn skills that I can apply to my current work	To learn skills that I can apply to my work in the future	NA	NA	Strongly Agree	Strongly Disagree	Somewhat Agree	Strongly Disagree	Neither Agree nor Disagree	Agree	Strongly Agree	Disagree	Strongly Disagree	Strongly Disagree	Strongly Disagree	Neither Agree nor Disagree	Agree	Strongly Disagree	Neither Agree nor Disagree	To get comfortable with R and learn my way around, and how to run statistical analyses	To be able to manage and analyze big data from analyses such as RNA seq
62	69	2021-09-20T18:07:37Z	2021-09-20T18:12:22Z	IP Address	77	284	FALSE	2021-10-18T01:22:55Z	Yes. I am 18 years of age or older.	Yes. I have read the consent form and this response will serve as my consent to participate in the research study.	NA	Monday, September 20, 2021: Virtual	NA	Other	National Library of Medicine	NA	NA	NA	NA	Academic	NA	NA	NA	NA	NA	NA	NA	NA	NA	Windows	Gender variant/non-conforming	NA	NA	NA	NA	NA	NA	White (Having origins in any of the original peoples of Europe, the Middle East, or North Africa.)	NA	NA	NA	Samir Student	I have installed it, but have only done simple examples with them	I have heard of it but don’t remember what it is.	I could struggle through, but not confident I could do it	NA	NA	NA	NA	NA	NA	NA	NA	NA	NA	NA	NA	NA	NA	NA	NA	NA	NA	NA	NA	NA	NA	NA
68	1	2020-10-19T18:18:40Z	2020-10-19T18:29:53Z	IP Address	100	672	TRUE	2020-10-19T18:29:53Z	Yes. I am 18 years of age or older.	Yes. I have read the consent form and this response will serve as my consent to participate in the research study.	NA	Tuesday, October 20, 2020	NA	Fralin Biomedical Research Institute at VTC	NA	NA	NA	NA	NA	NA	NA	NA	NA	NA	Student (Graduate)	NA	NA	NA	NA	Windows	Male	NA	NA	Asian (Having origins in any of the original peoples of the Far East, Southeast Asia, or the Indian subcontinent including, for example, Cambodia, China, India, Japan, Korea, Malaysia, Pakistan, Indonesia, the Philippine Islands, Thailand, and Vietnam.)	NA	NA	NA	NA	NA	NA	NA	Alex Academic	I have heard of them but have never used them before	I have never heard of the term	I could struggle through by trial and error with a lot of web searches	To learn new skills	NA	To learn skills that I can apply to my current work	To learn skills that I can apply to my work in the future	NA	NA	Strongly Agree	Agree	Agree	Somewhat Agree	Somewhat Agree	Somewhat Agree	Agree	Agree	Agree	Agree	Agree	Somewhat Agree	Somewhat Agree	Somewhat Agree	Somewhat Agree	I hope I can load the data into R and do basic analysis from this workshop	I hope I will be able to analyze my data in R
69	2	2020-10-19T19:00:05Z	2020-10-19T19:07:03Z	IP Address	100	418	TRUE	2020-10-19T19:07:04Z	Yes. I am 18 years of age or older.	Yes. I have read the consent form and this response will serve as my consent to participate in the research study.	NA	Tuesday, October 20, 2020	NA	Fralin Biomedical Research Institute at VTC	NA	NA	NA	NA	NA	NA	NA	NA	NA	NA	Student (Graduate)	NA	NA	NA	NA	macOS	Female	NA	NA	NA	NA	NA	NA	White (Having origins in any of the original peoples of Europe, the Middle East, or North Africa.)	NA	NA	NA	Clare Clinician	I have written a small program with them before	I know what it is and could explain what it pertains to	I could struggle through by trial and error with a lot of web searches	NA	To refresh or review my skills	NA	NA	NA	NA	Strongly Agree	Strongly Agree	Strongly Agree	Agree	Neither Agree nor Disagree	Strongly Agree	Strongly Agree	Somewhat Agree	Somewhat Agree	Somewhat Agree	Somewhat Agree	Somewhat Agree	Somewhat Disagree	Somewhat Disagree	Somewhat Disagree	NA	NA
70	3	2020-10-19T20:54:49Z	2020-10-19T20:58:59Z	IP Address	100	250	TRUE	2020-10-19T20:58:59Z	Yes. I am 18 years of age or older.	Yes. I have read the consent form and this response will serve as my consent to participate in the research study.	NA	Tuesday, October 20, 2020	NA	Virginia-Maryland College of Veterinary Medicine	NA	NA	NA	NA	NA	NA	NA	NA	NA	NA	Student (Graduate)	NA	NA	NA	NA	macOS	Prefer not to say	NA	NA	NA	NA	NA	NA	NA	I prefer not to say.	NA	NA	Alex Academic	I have installed it, but have only done simple examples with them	I have some idea of what it is, but am not too clear	I could struggle through by trial and error with a lot of web searches	To learn new skills	To refresh or review my skills	To learn skills that I can apply to my current work	To learn skills that I can apply to my work in the future	NA	NA	Somewhat Agree	Neither Agree nor Disagree	Somewhat Agree	Somewhat Agree	Neither Agree nor Disagree	Somewhat Agree	Agree	Somewhat Disagree	Neither Agree nor Disagree	Agree	Agree	Agree	Agree	Neither Agree nor Disagree	Somewhat Agree	NA	NA
71	5	2020-10-20T15:11:55Z	2020-10-20T15:17:50Z	IP Address	100	355	TRUE	2020-10-20T15:17:51Z	Yes. I am 18 years of age or older.	Yes. I have read the consent form and this response will serve as my consent to participate in the research study.	NA	Tuesday, October 20, 2020	NA	Fralin Biomedical Research Institute at VTC	NA	NA	NA	NA	NA	Academic	NA	NA	NA	NA	NA	NA	NA	NA	NA	Windows	Female	NA	NA	NA	NA	NA	NA	White (Having origins in any of the original peoples of Europe, the Middle East, or North Africa.)	NA	NA	NA	Alex Academic	I have installed it, but have only done simple examples with them	I have some idea of what it is, but am not too clear	I could struggle through by trial and error with a lot of web searches	To learn new skills	To refresh or review my skills	To learn skills that I can apply to my current work	To learn skills that I can apply to my work in the future	NA	NA	Agree	Agree	Agree	Agree	Agree	Strongly Agree	Strongly Agree	Agree	Agree	Strongly Agree	Strongly Agree	Agree	Strongly Agree	Agree	Agree	I would like to build some more confidence working in R	I'm working on the basic skills I will need to translate into machine learning
72	6	2020-10-20T16:31:22Z	2020-10-20T16:34:00Z	IP Address	100	157	TRUE	2020-10-20T16:34:00Z	Yes. I am 18 years of age or older.	Yes. I have read the consent form and this response will serve as my consent to participate in the research study.	NA	Tuesday, October 20, 2020	NA	Virginia-Maryland College of Veterinary Medicine	NA	NA	NA	NA	NA	NA	NA	NA	NA	NA	Student (Graduate)	NA	NA	NA	NA	macOS	Female	NA	NA	NA	NA	NA	NA	White (Having origins in any of the original peoples of Europe, the Middle East, or North Africa.)	NA	NA	NA	Samir Student	I have heard of them but have never used them before	I have never heard of the term	I could struggle through by trial and error with a lot of web searches	To learn new skills	To refresh or review my skills	To learn skills that I can apply to my current work	To learn skills that I can apply to my work in the future	To learn skills that will help me get a job or a promotion	NA	Strongly Agree	Neither Agree nor Disagree	Agree	Agree	Somewhat Agree	Agree	Agree	Somewhat Agree	Somewhat Agree	Somewhat Agree	Somewhat Agree	Neither Agree nor Disagree	Neither Agree nor Disagree	Neither Agree nor Disagree	Somewhat Agree	NA	NA
73	7	2020-10-20T16:57:07Z	2020-10-20T17:06:54Z	IP Address	100	587	TRUE	2020-10-20T17:06:55Z	Yes. I am 18 years of age or older.	Yes. I have read the consent form and this response will serve as my consent to participate in the research study.	NA	Tuesday, October 20, 2020	NA	Virginia Tech	NA	NA	NA	NA	NA	NA	Analyst	NA	NA	NA	Student (Graduate)	NA	NA	NA	NA	Windows	Male	NA	NA	NA	NA	NA	NA	White (Having origins in any of the original peoples of Europe, the Middle East, or North Africa.)	NA	NA	NA	Samir Student	I have small side projects that I program in it	I know what it is and could explain what it pertains to	I could do it quickly with little or no use of external help	To learn new skills	To refresh or review my skills	To learn skills that I can apply to my current work	To learn skills that I can apply to my work in the future	NA	NA	Somewhat Agree	Somewhat Disagree	Strongly Agree	Agree	NA	Somewhat Agree	Agree	Somewhat Agree	Agree	Somewhat Agree	Agree	Somewhat Disagree	Somewhat Agree	Disagree	Strongly Agree	New / more R skills	Data management and SQL
74	8	2021-01-29T14:54:21Z	2021-01-29T15:09:25Z	IP Address	100	903	TRUE	2021-01-29T15:09:25Z	Yes. I am 18 years of age or older.	Yes. I have read the consent form and this response will serve as my consent to participate in the research study.	NA	Other	Feb 2, 2021	Other	NINR	NA	NA	RN/PA	NA	NA	NA	NA	NA	NA	NA	NA	NA	Other, please describe	Postdoctoral fellow	Windows	Female	NA	NA	NA	Black or African American (Having origins in any of the Black racial groups of Africa – includes Caribbean Islanders and others of African origin.)	NA	NA	NA	NA	NA	NA	Alex Academic	I have installed it, but have only done simple examples with them	I have some idea of what it is, but am not too clear	I could struggle through by trial and error with a lot of web searches	To learn new skills	To refresh or review my skills	To learn skills that I can apply to my current work	To learn skills that I can apply to my work in the future	NA	NA	Neither Agree nor Disagree	Disagree	Agree	Neither Agree nor Disagree	Neither Agree nor Disagree	Neither Agree nor Disagree	Neither Agree nor Disagree	Neither Agree nor Disagree	Neither Agree nor Disagree	Agree	Agree	Somewhat Agree	Somewhat Agree	Somewhat Disagree	Somewhat Agree	How to be more confident in my use of R	programing and making plots
75	9	2021-01-29T19:16:09Z	2021-01-29T19:20:56Z	IP Address	100	286	TRUE	2021-01-29T19:20:56Z	Yes. I am 18 years of age or older.	Yes. I have read the consent form and this response will serve as my consent to participate in the research study.	NA	Tuesday, February 2, 2021	NA	Other	OHSU	NA	NA	NA	NA	Academic	NA	NA	NA	NA	NA	NA	NA	Other, please describe	Nurse Midwife Faculty/ Assistant Professor	Windows	Female	NA	NA	NA	NA	NA	NA	White (Having origins in any of the original peoples of Europe, the Middle East, or North Africa.)	NA	NA	NA	Alex Academic	I have installed it, but have only done simple examples with them	I know what it is and could explain what it pertains to	I could do it quickly with little or no use of external help	To learn new skills	NA	To learn skills that I can apply to my current work	To learn skills that I can apply to my work in the future	NA	As a requirement for my program or current position	Somewhat Agree	Somewhat Agree	Somewhat Agree	Somewhat Agree	Somewhat Disagree	Agree	Agree	Somewhat Disagree	Somewhat Agree	Somewhat Agree	Somewhat Disagree	Somewhat Agree	Somewhat Agree	Disagree	Agree	comfort in using R	start working in my own data in R
76	10	2021-01-30T06:50:57Z	2021-01-30T07:25:56Z	IP Address	100	2098	TRUE	2021-01-30T07:25:56Z	Yes. I am 18 years of age or older.	Yes. I have read the consent form and this response will serve as my consent to participate in the research study.	NA	Tuesday, February 2, 2021	NA	Other	IHME - University of Washington	NA	NA	NA	NA	NA	Analyst	Student (Masters e.g., MPH)	NA	NA	NA	NA	NA	Other, please describe	Actuary, Statistician	macOS	Female	NA	NA	NA	NA	NA	NA	White (Having origins in any of the original peoples of Europe, the Middle East, or North Africa.)	NA	NA	NA	Patricia Programmer	I have small side projects that I program in it	I have heard of it but don’t remember what it is.	I could do it quickly with little or no use of external help	To learn new skills	To refresh or review my skills	To learn skills that I can apply to my current work	To learn skills that I can apply to my work in the future	To learn skills that will help me get a job or a promotion	NA	Somewhat Agree	Strongly Agree	Strongly Agree	Agree	Strongly Agree	Strongly Agree	Strongly Agree	Strongly Agree	Somewhat Agree	Somewhat Agree	Somewhat Agree	Somewhat Agree	Agree	Somewhat Agree	Agree	I hope to clarify ideas about how to make data analysis to be reproducible	I would like to be able to do data analysis in a more direct and straight forward way
77	11	2021-02-01T15:10:42Z	2021-02-01T15:34:52Z	IP Address	100	1449	TRUE	2021-02-01T15:34:52Z	Yes. I am 18 years of age or older.	Yes. I have read the consent form and this response will serve as my consent to participate in the research study.	NA	Tuesday, February 2, 2021	NA	Other	X7 Research	NA	NA	NA	NA	NA	Analyst	NA	NA	NA	Student (Graduate)	NA	NA	NA	NA	Windows	Male	NA	NA	NA	NA	NA	NA	White (Having origins in any of the original peoples of Europe, the Middle East, or North Africa.)	NA	NA	NA	Alex Academic	I program in them for work	I know what it is and could explain what it pertains to	I could do it quickly with little or no use of external help	To learn new skills	To refresh or review my skills	To learn skills that I can apply to my current work	To learn skills that I can apply to my work in the future	To learn skills that will help me get a job or a promotion	NA	Strongly Agree	Strongly Agree	Strongly Agree	Agree	Strongly Agree	Agree	Agree	Neither Agree nor Disagree	Agree	Somewhat Agree	Neither Agree nor Disagree	Somewhat Agree	Agree	Agree	Strongly Agree	To be able explain differences between spreadsheet and programm like approaches in clinical research. Also find good example when using of scripts  is not good idea.	Explain joke with real example. Instead of spending 2 hours to solve problem in excel, i lost two day in script debugging
78	12	2021-02-01T21:55:04Z	2021-02-01T21:58:04Z	IP Address	100	179	TRUE	2021-02-01T21:58:04Z	Yes. I am 18 years of age or older.	Yes. I have read the consent form and this response will serve as my consent to participate in the research study.	NA	Tuesday, February 2, 2021	NA	Other	University of Michigan	DO/MD	NA	NA	NA	NA	NA	NA	NA	NA	NA	NA	NA	NA	NA	macOS	Male	NA	NA	NA	NA	NA	NA	White (Having origins in any of the original peoples of Europe, the Middle East, or North Africa.)	NA	NA	NA	Alex Academic	I use it to automate certain repetitive tasks	I know what it is and could explain what it pertains to	I could do it quickly with little or no use of external help	NA	NA	NA	To learn skills that I can apply to my work in the future	NA	NA	Strongly Agree	Strongly Agree	Strongly Agree	Strongly Agree	Strongly Agree	Strongly Agree	Strongly Agree	Strongly Agree	Strongly Agree	Strongly Agree	Strongly Agree	Strongly Agree	Strongly Agree	Strongly Agree	Strongly Agree	How to teach tidy data analysis	NA
79	13	2021-02-02T02:49:31Z	2021-02-02T02:55:50Z	IP Address	100	378	TRUE	2021-02-02T02:55:50Z	Yes. I am 18 years of age or older.	Yes. I have read the consent form and this response will serve as my consent to participate in the research study.	NA	Tuesday, February 2, 2021	NA	Other	VCU	DO/MD	NA	NA	NA	NA	NA	NA	NA	NA	NA	NA	NA	NA	NA	macOS	Male	NA	NA	NA	NA	NA	NA	White (Having origins in any of the original peoples of Europe, the Middle East, or North Africa.)	NA	NA	NA	Patricia Programmer	I have small side projects that I program in it	I know what it is and could explain what it pertains to	I could do it quickly with little or no use of external help	NA	To refresh or review my skills	To learn skills that I can apply to my current work	NA	NA	NA	Strongly Agree	Strongly Agree	Strongly Agree	Somewhat Agree	Somewhat Agree	Agree	Somewhat Agree	Agree	Agree	Agree	Agree	Somewhat Agree	Agree	Neither Agree nor Disagree	Agree	To gain another perspective on data analysis	To be able to develop more reusable data analysis components
80	14	2021-02-02T17:27:56Z	2021-02-02T18:42:27Z	IP Address	100	4471	TRUE	2021-02-02T18:42:35Z	Yes. I am 18 years of age or older.	Yes. I have read the consent form and this response will serve as my consent to participate in the research study.	NA	Tuesday, February 2, 2021	NA	Other	University of Michigan	NA	NA	NA	NA	Academic	NA	NA	NA	NA	NA	NA	NA	Other, please describe	Postdoctoral Research Fellow (PhD)	macOS	Female	NA	NA	NA	NA	NA	NA	White (Having origins in any of the original peoples of Europe, the Middle East, or North Africa.)	NA	Prefer to self describe	I prefer to describe myself as both Middle Eastern and White, rather than only ""White"". I disagree with the convention of including Middle Eastern and North African in the ""White"" category.	Samir Student	I program in them for work	I know what it is and could explain what it pertains to	I could do it quickly with little or no use of external help	To learn new skills	To refresh or review my skills	To learn skills that I can apply to my current work	To learn skills that I can apply to my work in the future	NA	NA	Strongly Agree	Agree	Somewhat Agree	Neither Agree nor Disagree	Neither Agree nor Disagree	Strongly Agree	Strongly Agree	Agree	Somewhat Agree	Agree	Neither Agree nor Disagree	Somewhat Agree	Somewhat Agree	Somewhat Agree	Somewhat Disagree	I work in R: When to source code from a multiple different scripts versus when to just keep it all in a single script. And along those line, just general best practices when using R/tidyverse.	I work in R: How/when to best use functions to clean up my code/pipelines, particularly when plotting (ggplot). I find it hard to modify plots for specific data frames when I have the plot (ggplot) set up as a functions. I feel confused about when to be efficient/tidy with plotting functions. For example, is there a situation where use plotting functions would be inefficient because you have too much to aesthetically modify on the plots? Or can I really achieve all of this plotting aesthetics flexibility while still using a single plotting function?
81	15	2021-02-02T22:08:06Z	2021-02-02T22:14:19Z	IP Address	100	373	TRUE	2021-02-02T22:14:20Z	Yes. I am 18 years of age or older.	Yes. I have read the consent form and this response will serve as my consent to participate in the research study.	NA	Tuesday, February 2, 2021	NA	Other	NIH	NA	NA	NA	NA	Academic	NA	NA	NA	NA	NA	NA	NA	NA	NA	macOS	Female	NA	NA	NA	NA	NA	NA	White (Having origins in any of the original peoples of Europe, the Middle East, or North Africa.)	NA	NA	NA	Samir Student	I have small side projects that I program in it	I know what it is and could explain what it pertains to	I could struggle through by trial and error with a lot of web searches	NA	To refresh or review my skills	NA	To learn skills that I can apply to my work in the future	NA	NA	Strongly Agree	Somewhat Disagree	Agree	Neither Agree nor Disagree	Somewhat Agree	Strongly Agree	Strongly Agree	Agree	Somewhat Agree	Somewhat Agree	Agree	Agree	Agree	Neither Agree nor Disagree	Somewhat Agree	Learn to break down problems into smaller pieces and develop a good analysis workflow	finding an efficient workflow to tackle data cleaning
82	16	2021-02-02T22:48:35Z	2021-02-02T22:55:00Z	IP Address	100	385	TRUE	2021-02-02T22:55:01Z	Yes. I am 18 years of age or older.	Yes. I have read the consent form and this response will serve as my consent to participate in the research study.	NA	Tuesday, February 2, 2021	NA	Other	Columbia University	NA	NA	RN/PA	NA	NA	NA	NA	NA	NA	Student (Graduate)	NA	NA	NA	NA	macOS	Female	NA	NA	Asian (Having origins in any of the original peoples of the Far East, Southeast Asia, or the Indian subcontinent including, for example, Cambodia, China, India, Japan, Korea, Malaysia, Pakistan, Indonesia, the Philippine Islands, Thailand, and Vietnam.)	NA	NA	NA	NA	NA	NA	NA	Samir Student	I have installed it, but have only done simple examples with them	I have heard of it but don’t remember what it is.	I could struggle through by trial and error with a lot of web searches	To learn new skills	To refresh or review my skills	To learn skills that I can apply to my current work	To learn skills that I can apply to my work in the future	NA	NA	Agree	Disagree	Somewhat Agree	Somewhat Agree	Disagree	Neither Agree nor Disagree	Neither Agree nor Disagree	Neither Agree nor Disagree	Neither Agree nor Disagree	Neither Agree nor Disagree	Neither Agree nor Disagree	Neither Agree nor Disagree	Somewhat Disagree	Somewhat Disagree	Somewhat Disagree	More knowledge of system and use	Write my own code and implement simple functions
83	17	2021-02-02T23:13:38Z	2021-02-02T23:17:44Z	IP Address	100	246	TRUE	2021-02-02T23:17:44Z	Yes. I am 18 years of age or older.	Yes. I have read the consent form and this response will serve as my consent to participate in the research study.	NA	Tuesday, February 2, 2021	NA	Other	Umichigan	DO/MD	NA	NA	NA	NA	NA	NA	NA	NA	NA	NA	NA	NA	NA	macOS	Female	NA	NA	NA	NA	NA	NA	White (Having origins in any of the original peoples of Europe, the Middle East, or North Africa.)	NA	NA	NA	Alex Academic	I have installed it, but have only done simple examples with them	I have some idea of what it is, but am not too clear	I could struggle through by trial and error with a lot of web searches	To learn new skills	NA	To learn skills that I can apply to my current work	To learn skills that I can apply to my work in the future	NA	NA	Strongly Agree	Strongly Agree	Strongly Agree	Strongly Agree	Strongly Agree	Strongly Agree	Strongly Agree	Somewhat Agree	Somewhat Disagree	Somewhat Disagree	Somewhat Agree	Somewhat Agree	Somewhat Disagree	Somewhat Disagree	Disagree	How to make figures and basic stats in R	NA
84	18	2021-02-02T23:09:39Z	2021-02-02T23:18:14Z	IP Address	100	515	TRUE	2021-02-02T23:18:15Z	Yes. I am 18 years of age or older.	Yes. I have read the consent form and this response will serve as my consent to participate in the research study.	NA	Tuesday, February 2, 2021	NA	Other	University of Michigan	DO/MD	NA	NA	NA	NA	NA	NA	NA	NA	NA	NA	NA	NA	NA	macOS	Male	NA	NA	NA	NA	NA	NA	White (Having origins in any of the original peoples of Europe, the Middle East, or North Africa.)	NA	NA	NA	Samir Student	I have small side projects that I program in it	I know what it is and could explain what it pertains to	I could do it quickly with little or no use of external help	To learn new skills	NA	To learn skills that I can apply to my current work	To learn skills that I can apply to my work in the future	NA	NA	Strongly Agree	Agree	Strongly Agree	Strongly Agree	NA	Strongly Agree	Strongly Agree	Agree	Agree	Agree	Agree	Agree	Agree	Somewhat Agree	Agree	NA	NA
85	19	2021-02-02T23:13:18Z	2021-02-03T01:21:41Z	IP Address	100	7702	TRUE	2021-02-03T01:21:41Z	Yes. I am 18 years of age or older.	Yes. I have read the consent form and this response will serve as my consent to participate in the research study.	NA	Tuesday, February 2, 2021	NA	Other	NA	NA	NA	NA	NA	Academic	NA	NA	NA	NA	NA	NA	NA	NA	NA	macOS	Female	NA	NA	Asian (Having origins in any of the original peoples of the Far East, Southeast Asia, or the Indian subcontinent including, for example, Cambodia, China, India, Japan, Korea, Malaysia, Pakistan, Indonesia, the Philippine Islands, Thailand, and Vietnam.)	NA	NA	NA	NA	NA	NA	NA	Alex Academic	I have installed it, but have only done simple examples with them	I have some idea of what it is, but am not too clear	I could do it quickly with little or no use of external help	NA	NA	To learn skills that I can apply to my current work	To learn skills that I can apply to my work in the future	NA	NA	Neither Agree nor Disagree	Somewhat Agree	Somewhat Agree	Somewhat Agree	Somewhat Agree	Agree	Strongly Agree	Agree	Somewhat Agree	Neither Agree nor Disagree	Somewhat Disagree	Agree	Somewhat Agree	Disagree	Disagree	proper workflow	data cleaning and visualization
86	20	2021-05-14T20:43:33Z	2021-05-14T20:47:53Z	IP Address	100	259	TRUE	2021-05-14T20:47:53Z	Yes. I am 18 years of age or older.	Yes. I have read the consent form and this response will serve as my consent to participate in the research study.	NA	Other	May 17	Other	UVA	NA	NA	NA	NA	NA	NA	NA	Student (MD/DO)	NA	NA	NA	NA	NA	NA	macOS	Female	NA	NA	NA	NA	NA	NA	White (Having origins in any of the original peoples of Europe, the Middle East, or North Africa.)	NA	NA	NA	Clare Clinician	I have heard of them but have never used them before	I have never heard of the term	I could struggle through by trial and error with a lot of web searches	To learn new skills	NA	To learn skills that I can apply to my current work	To learn skills that I can apply to my work in the future	NA	NA	Somewhat Agree	Strongly Disagree	Somewhat Agree	Somewhat Disagree	Disagree	Neither Agree nor Disagree	Neither Agree nor Disagree	NA	NA	NA	NA	NA	NA	NA	NA	NA	NA
87	21	2021-05-15T12:25:13Z	2021-05-15T12:32:25Z	IP Address	100	431	TRUE	2021-05-15T12:32:25Z	Yes. I am 18 years of age or older.	Yes. I have read the consent form and this response will serve as my consent to participate in the research study.	NA	Other	May 17	Other	UVA Curry School of Education	NA	NA	NA	NA	NA	NA	NA	NA	NA	Student (Graduate)	NA	NA	NA	NA	Windows	Female	NA	NA	NA	NA	Hispanic or Latino(a) (A person of Spanish-speaking origin or ancestry and/or Latin American origin or ancestry – includes Portuguese and Brazilians.)	NA	White (Having origins in any of the original peoples of Europe, the Middle East, or North Africa.)	NA	NA	NA	Alex Academic	I have installed it, but have only done simple examples with them	I have never heard of the term	I could struggle through, but not confident I could do it	To learn new skills	NA	NA	To learn skills that I can apply to my work in the future	NA	NA	Agree	Somewhat Agree	Strongly Agree	Agree	Agree	Strongly Agree	Strongly Agree	Disagree	Somewhat Agree	Strongly Agree	Somewhat Agree	Agree	Somewhat Agree	Disagree	Strongly Disagree	How to use R for data processing	How to use R at all
88	22	2021-05-15T20:54:04Z	2021-05-15T21:05:17Z	IP Address	100	672	TRUE	2021-05-15T21:05:17Z	Yes. I am 18 years of age or older.	Yes. I have read the consent form and this response will serve as my consent to participate in the research study.	NA	Other	Monday, May 17, 2020	Other	University of Virginia	NA	NA	NA	NA	NA	NA	NA	NA	NA	NA	NA	NA	Other, please describe	Physical Therapist	Windows	Male	NA	NA	NA	NA	NA	NA	White (Having origins in any of the original peoples of Europe, the Middle East, or North Africa.)	NA	NA	NA	Alex Academic	I use it to automate certain repetitive tasks	I know what it is and could explain what it pertains to	I could do it quickly with little or no use of external help	To learn new skills	NA	NA	NA	NA	NA	Strongly Agree	Agree	Strongly Agree	Strongly Agree	Strongly Agree	Strongly Agree	Strongly Agree	Strongly Agree	Strongly Agree	Agree	Strongly Agree	Strongly Agree	Strongly Agree	Disagree	Strongly Agree	Programming best practices to enhance data processing efficiency for statistical analysis	Develop custom programs and data pipelines
89	23	2021-05-16T02:27:14Z	2021-05-16T02:33:16Z	IP Address	100	362	TRUE	2021-05-16T02:33:17Z	Yes. I am 18 years of age or older.	Yes. I have read the consent form and this response will serve as my consent to participate in the research study.	NA	Other	5/27/21	Other	UVA	NA	NA	NA	NA	NA	NA	NA	NA	NA	NA	NA	NA	Other, please describe	postdoc	macOS	Male	NA	NA	Asian (Having origins in any of the original peoples of the Far East, Southeast Asia, or the Indian subcontinent including, for example, Cambodia, China, India, Japan, Korea, Malaysia, Pakistan, Indonesia, the Philippine Islands, Thailand, and Vietnam.)	NA	NA	NA	NA	NA	NA	NA	Samir Student	I have installed it, but have only done simple examples with them	I have some idea of what it is, but am not too clear	I could struggle through by trial and error with a lot of web searches	To learn new skills	NA	To learn skills that I can apply to my current work	To learn skills that I can apply to my work in the future	To learn skills that will help me get a job or a promotion	NA	Strongly Agree	Agree	Agree	Somewhat Agree	Strongly Agree	Agree	Agree	Somewhat Agree	Agree	Strongly Agree	Neither Agree nor Disagree	Neither Agree nor Disagree	Somewhat Agree	Strongly Disagree	Agree	Tools available for biomedical data analysis and hands on training	Create a pipeline work flow for various biomedical data analysis including rnaseq, scrnaseq, metagenomics etc
90	24	2021-05-16T21:01:11Z	2021-05-16T21:15:35Z	IP Address	100	863	TRUE	2021-05-16T21:15:36Z	Yes. I am 18 years of age or older.	Yes. I have read the consent form and this response will serve as my consent to participate in the research study.	NA	Other	17 may 2021	Other	University of Virginia	NA	NA	NA	NA	Academic	NA	NA	NA	NA	NA	NA	NA	NA	NA	Windows	Male	NA	NA	NA	NA	NA	NA	NA	I prefer not to say.	NA	NA	Alex Academic	I program in them for work	I have never heard of the term	I could do it quickly with little or no use of external help	To learn new skills	NA	To learn skills that I can apply to my current work	NA	NA	NA	Strongly Agree	Agree	Somewhat Agree	Agree	Somewhat Agree	Somewhat Agree	Somewhat Agree	Strongly Disagree	Somewhat Agree	Agree	Somewhat Agree	Somewhat Agree	Strongly Agree	Somewhat Agree	Somewhat Agree	I would like to know new methods for finding genetic data for my research.	I would like to get better at finding human genetic data and downloading it for my use.
91	25	2021-05-17T17:24:03Z	2021-05-17T17:42:03Z	IP Address	100	1080	TRUE	2021-05-17T17:42:03Z	Yes. I am 18 years of age or older.	Yes. I have read the consent form and this response will serve as my consent to participate in the research study.	NA	Other	May 17, 2021	Other	UVA	NA	NA	NA	NA	NA	Analyst	NA	NA	NA	NA	NA	NA	NA	NA	macOS	Male	NA	NA	NA	NA	NA	NA	White (Having origins in any of the original peoples of Europe, the Middle East, or North Africa.)	NA	NA	NA	Clare Clinician	I have heard of them but have never used them before	I have never heard of the term	I could struggle through by trial and error with a lot of web searches	To learn new skills	To refresh or review my skills	To learn skills that I can apply to my current work	NA	NA	NA	Agree	Disagree	Disagree	Somewhat Agree	Somewhat Disagree	Neither Agree nor Disagree	Neither Agree nor Disagree	Somewhat Agree	Somewhat Agree	Somewhat Agree	Neither Agree nor Disagree	Somewhat Disagree	Somewhat Disagree	Somewhat Disagree	Somewhat Disagree	overview, terminology, identification of gaps in knowledge	Understand simple Data Management tasks better.
92	26	2021-05-17T17:57:02Z	2021-05-17T18:00:45Z	IP Address	100	222	TRUE	2021-05-17T18:00:45Z	Yes. I am 18 years of age or older.	Yes. I have read the consent form and this response will serve as my consent to participate in the research study.	NA	Other	May 17, 2021	Other	UVA	NA	NA	NA	NA	NA	NA	NA	NA	NA	NA	NA	NA	Other, please describe	Librarian	macOS	Female	NA	NA	NA	NA	NA	NA	White (Having origins in any of the original peoples of Europe, the Middle East, or North Africa.)	NA	NA	NA	Samir Student	I have installed it, but have only done simple examples with them	I have some idea of what it is, but am not too clear	I wouldn't know where to start	To learn new skills	NA	NA	NA	NA	NA	Strongly Agree	Neither Agree nor Disagree	Agree	Somewhat Agree	Neither Agree nor Disagree	Agree	Agree	Somewhat Agree	Somewhat Disagree	Somewhat Agree	Somewhat Agree	Strongly Disagree	Strongly Disagree	Strongly Disagree	Strongly Disagree	R basics	Nothing specific
93	27	2021-05-17T17:57:32Z	2021-05-17T18:05:19Z	IP Address	100	467	TRUE	2021-05-17T18:05:19Z	Yes. I am 18 years of age or older.	Yes. I have read the consent form and this response will serve as my consent to participate in the research study.	NA	Other	5/17/21	Other	UVA	NA	NA	NA	NA	NA	NA	NA	NA	NA	NA	NA	NA	Other, please describe	Senior Scientist	Windows	Female	NA	NA	NA	NA	NA	NA	White (Having origins in any of the original peoples of Europe, the Middle East, or North Africa.)	NA	NA	NA	Samir Student	I have heard of them but have never used them before	I have some idea of what it is, but am not too clear	I could do it quickly with little or no use of external help	To learn new skills	NA	NA	To learn skills that I can apply to my work in the future	NA	NA	Strongly Agree	Somewhat Agree	Somewhat Agree	Neither Agree nor Disagree	Neither Agree nor Disagree	Somewhat Agree	Strongly Agree	Disagree	Disagree	Somewhat Agree	Somewhat Agree	Somewhat Disagree	Somewhat Disagree	Disagree	Neither Agree nor Disagree	How to handle larger datasets that are 1) too large for excel 2) need more analyses than a pivot table can provide	Run automated analyses on large excel files to better understand/handle my data
94	28	2021-05-17T18:06:30Z	2021-05-17T18:09:48Z	IP Address	100	197	TRUE	2021-05-17T18:09:48Z	Yes. I am 18 years of age or older.	Yes. I have read the consent form and this response will serve as my consent to participate in the research study.	NA	Other	May 17, 2021	Other	UVA SOM	NA	NA	NA	NA	NA	NA	NA	Student (MD/DO)	NA	NA	NA	NA	NA	NA	macOS	Female	NA	NA	Asian (Having origins in any of the original peoples of the Far East, Southeast Asia, or the Indian subcontinent including, for example, Cambodia, China, India, Japan, Korea, Malaysia, Pakistan, Indonesia, the Philippine Islands, Thailand, and Vietnam.)	NA	NA	NA	NA	NA	NA	NA	Alex Academic	I have written a small program with them before	I have never heard of the term	I could struggle through, but not confident I could do it	To learn new skills	NA	To learn skills that I can apply to my current work	To learn skills that I can apply to my work in the future	NA	NA	Agree	Disagree	Agree	Neither Agree nor Disagree	Neither Agree nor Disagree	Agree	Agree	Disagree	Disagree	Disagree	Disagree	Disagree	Disagree	Disagree	Disagree	NA	NA
95	29	2021-05-17T18:06:24Z	2021-05-17T18:15:25Z	IP Address	100	540	TRUE	2021-05-17T18:15:25Z	Yes. I am 18 years of age or older.	Yes. I have read the consent form and this response will serve as my consent to participate in the research study.	NA	Other	5/17/21	Other	UVA	NA	NA	NA	NA	Academic	NA	NA	NA	NA	NA	NA	NA	Other, please describe	research lab manager	Windows	Female	NA	NA	NA	NA	NA	NA	White (Having origins in any of the original peoples of Europe, the Middle East, or North Africa.)	NA	NA	NA	Clare Clinician	I do not know what those are	I have never heard of the term	I could struggle through, but not confident I could do it	NA	NA	To learn skills that I can apply to my current work	NA	NA	NA	Neither Agree nor Disagree	Disagree	Agree	Disagree	Strongly Disagree	Neither Agree nor Disagree	Neither Agree nor Disagree	Disagree	Disagree	Agree	Somewhat Agree	Somewhat Agree	Disagree	Disagree	Somewhat Disagree	exposure to new ways of working with my research data	I don't enough yet to answer this question
96	30	2021-05-17T20:31:12Z	2021-05-17T20:39:04Z	IP Address	100	472	TRUE	2021-05-17T20:39:05Z	Yes. I am 18 years of age or older.	Yes. I have read the consent form and this response will serve as my consent to participate in the research study.	NA	Other	May 17 2021	Other	UVa	NA	NA	NA	NA	Academic	NA	NA	NA	NA	NA	NA	NA	Other, please describe	Post-doctoral	macOS	Male	NA	NA	NA	NA	NA	NA	White (Having origins in any of the original peoples of Europe, the Middle East, or North Africa.)	NA	NA	NA	Alex Academic	I have installed it, but have only done simple examples with them	I have heard of it but don’t remember what it is.	I could struggle through, but not confident I could do it	NA	NA	To learn skills that I can apply to my current work	To learn skills that I can apply to my work in the future	NA	NA	Strongly Agree	Disagree	Neither Agree nor Disagree	Somewhat Disagree	Strongly Disagree	Agree	Strongly Agree	Disagree	Disagree	Neither Agree nor Disagree	Neither Agree nor Disagree	Disagree	Strongly Disagree	Strongly Disagree	Strongly Disagree	I want to apply this knowledge to write simple codes/scripts for future datasets	Analyzing omics data; handling and analyzing large data sets
97	31	2021-05-17T18:12:12Z	2021-05-17T20:40:36Z	IP Address	100	8904	TRUE	2021-05-17T20:40:37Z	Yes. I am 18 years of age or older.	Yes. I have read the consent form and this response will serve as my consent to participate in the research study.	NA	Other	Monday, May 17, 2021	Other	University of Virginia, Biology department	NA	NA	NA	NA	NA	NA	NA	NA	NA	Student (Graduate)	NA	NA	NA	NA	Windows	Female	NA	NA	Asian (Having origins in any of the original peoples of the Far East, Southeast Asia, or the Indian subcontinent including, for example, Cambodia, China, India, Japan, Korea, Malaysia, Pakistan, Indonesia, the Philippine Islands, Thailand, and Vietnam.)	NA	Hispanic or Latino(a) (A person of Spanish-speaking origin or ancestry and/or Latin American origin or ancestry – includes Portuguese and Brazilians.)	NA	NA	NA	NA	NA	Samir Student	I have installed it, but have only done simple examples with them	I have heard of it but don’t remember what it is.	I could do it quickly with little or no use of external help	To learn new skills	To refresh or review my skills	To learn skills that I can apply to my current work	To learn skills that I can apply to my work in the future	NA	NA	Agree	Somewhat Agree	Agree	Agree	Somewhat Agree	Agree	Agree	Agree	Somewhat Agree	Strongly Agree	Strongly Agree	Agree	Agree	Somewhat Agree	Agree	Basic statistical analysis and plotting	Treat data as data not as data visualization
98	32	2021-05-18T00:09:10Z	2021-05-18T00:16:12Z	IP Address	100	422	TRUE	2021-05-18T00:16:12Z	Yes. I am 18 years of age or older.	Yes. I have read the consent form and this response will serve as my consent to participate in the research study.	NA	Other	05/17/21	VCOM-Virginia	NA	NA	NA	NA	NA	NA	NA	NA	Student (MD/DO)	NA	NA	NA	NA	NA	NA	macOS	Male	NA	NA	NA	NA	NA	NA	White (Having origins in any of the original peoples of Europe, the Middle East, or North Africa.)	NA	NA	NA	Samir Student	I have installed it, but have only done simple examples with them	I have never heard of the term	I could struggle through by trial and error with a lot of web searches	To learn new skills	NA	To learn skills that I can apply to my current work	To learn skills that I can apply to my work in the future	NA	NA	Agree	Strongly Disagree	Somewhat Agree	Somewhat Disagree	Disagree	Strongly Agree	Strongly Agree	Disagree	Disagree	Neither Agree nor Disagree	Somewhat Disagree	Somewhat Disagree	Somewhat Disagree	Somewhat Disagree	Somewhat Disagree	How to run basic statistics in R for clinical research using excels created by chart review	How to run basic statistics in R for clinical research using excels created by chart review
99	33	2021-06-28T12:45:33Z	2021-06-28T12:57:14Z	IP Address	100	700	TRUE	2021-06-28T12:57:15Z	Yes. I am 18 years of age or older.	Yes. I have read the consent form and this response will serve as my consent to participate in the research study.	NA	Tuesday, June 29, 2021	NA	Virginia Tech	NA	NA	NA	RN/PA	NA	NA	NA	NA	NA	NA	Student (Graduate)	NA	iTHRIV Scholar	Other, please describe	Nurse Practitioner. This should already be in the list it is not an ""other"" designation.	macOS	Female	NA	NA	NA	NA	NA	NA	White (Having origins in any of the original peoples of Europe, the Middle East, or North Africa.)	NA	NA	NA	Alex Academic	I have heard of them but have never used them before	I have never heard of the term	I could struggle through, but not confident I could do it	To learn new skills	NA	NA	NA	NA	NA	Agree	Strongly Disagree	Somewhat Disagree	Disagree	Strongly Disagree	Agree	Agree	Disagree	Disagree	Somewhat Disagree	Disagree	Somewhat Disagree	Disagree	Strongly Disagree	Somewhat Disagree	I expect to gain enough familiarity with R that I don't panic when it becomes needed for my research	I want to be able to have a reasonable basis from which to ask questions when I encounter R in my future work
100	34	2021-06-28T14:44:58Z	2021-06-28T14:51:22Z	IP Address	100	383	TRUE	2021-06-28T14:51:22Z	Yes. I am 18 years of age or older.	Yes. I have read the consent form and this response will serve as my consent to participate in the research study.	NA	Tuesday, June 29, 2021	NA	Other	Carilion Clinic	NA	NA	NA	NA	NA	NA	NA	NA	NA	NA	NA	NA	Other, please describe	Human Factor Consultant	Windows	Male	NA	NA	Asian (Having origins in any of the original peoples of the Far East, Southeast Asia, or the Indian subcontinent including, for example, Cambodia, China, India, Japan, Korea, Malaysia, Pakistan, Indonesia, the Philippine Islands, Thailand, and Vietnam.)	NA	NA	NA	NA	NA	NA	NA	Samir Student	I have small side projects that I program in it	I have never heard of the term	I could struggle through, but not confident I could do it	To learn new skills	NA	To learn skills that I can apply to my current work	To learn skills that I can apply to my work in the future	NA	NA	Strongly Agree	Strongly Agree	Strongly Agree	Strongly Agree	Strongly Agree	Neither Agree nor Disagree	Neither Agree nor Disagree	Disagree	Somewhat Agree	Somewhat Agree	Somewhat Agree	Somewhat Agree	Neither Agree nor Disagree	Somewhat Agree	Somewhat Agree	R	statistical analysis
101	35	2021-06-28T14:58:03Z	2021-06-28T15:04:49Z	IP Address	100	406	TRUE	2021-06-28T15:04:50Z	Yes. I am 18 years of age or older.	Yes. I have read the consent form and this response will serve as my consent to participate in the research study.	NA	Tuesday, June 29, 2021	NA	Fralin Biomedical Research Institute at VTC	NA	NA	NA	NA	NA	NA	NA	NA	NA	NA	NA	Student (Undergraduate)	NA	NA	NA	NA	NA	NA	NA	NA	NA	NA	NA	White (Having origins in any of the original peoples of Europe, the Middle East, or North Africa.)	NA	NA	NA	Alex Academic	I have installed it, but have only done simple examples with them	I have never heard of the term	I wouldn't know where to start	To learn new skills	To refresh or review my skills	To learn skills that I can apply to my current work	To learn skills that I can apply to my work in the future	NA	NA	Agree	Strongly Disagree	Somewhat Agree	Disagree	Strongly Disagree	Somewhat Agree	Strongly Agree	Strongly Disagree	Strongly Disagree	Somewhat Agree	Neither Agree nor Disagree	Disagree	Disagree	Strongly Disagree	Neither Agree nor Disagree	I hope to learn R skills that will be valuable for data analysis in my research	Analyze data with R
102	36	2021-06-28T15:23:56Z	2021-06-28T15:31:35Z	IP Address	100	458	TRUE	2021-06-28T15:31:35Z	Yes. I am 18 years of age or older.	Yes. I have read the consent form and this response will serve as my consent to participate in the research study.	NA	Tuesday, June 29, 2021	NA	Virginia Tech	NA	NA	NA	NA	NA	NA	NA	NA	NA	NA	Student (Graduate)	NA	NA	NA	NA	macOS	Male	NA	NA	NA	NA	NA	NA	White (Having origins in any of the original peoples of Europe, the Middle East, or North Africa.)	NA	NA	NA	Samir Student	I use it to automate certain repetitive tasks	I have never heard of the term	I wouldn't know where to start	To learn new skills	To refresh or review my skills	To learn skills that I can apply to my current work	To learn skills that I can apply to my work in the future	NA	NA	Strongly Agree	Somewhat Disagree	Neither Agree nor Disagree	Somewhat Agree	Disagree	Agree	Agree	Strongly Disagree	Strongly Disagree	Strongly Disagree	Strongly Disagree	Strongly Disagree	Strongly Disagree	Strongly Disagree	Strongly Disagree	Effectively visualizing data.	NA
103	37	2021-06-28T17:03:33Z	2021-06-28T17:08:52Z	IP Address	100	319	TRUE	2021-06-28T17:08:53Z	Yes. I am 18 years of age or older.	Yes. I have read the consent form and this response will serve as my consent to participate in the research study.	NA	Tuesday, June 29, 2021	NA	Fralin Biomedical Research Institute at VTC	NA	NA	NA	NA	NA	NA	NA	NA	NA	NA	NA	Student (Undergraduate)	NA	NA	NA	Windows	Female	NA	NA	Asian (Having origins in any of the original peoples of the Far East, Southeast Asia, or the Indian subcontinent including, for example, Cambodia, China, India, Japan, Korea, Malaysia, Pakistan, Indonesia, the Philippine Islands, Thailand, and Vietnam.)	NA	NA	NA	NA	NA	NA	NA	Alex Academic	I have installed it, but have only done simple examples with them	I have never heard of the term	I could struggle through by trial and error with a lot of web searches	To learn new skills	To refresh or review my skills	NA	To learn skills that I can apply to my work in the future	NA	NA	Strongly Agree	Disagree	Somewhat Agree	Disagree	Somewhat Agree	Strongly Agree	Strongly Agree	Somewhat Disagree	Somewhat Agree	Agree	Somewhat Disagree	Disagree	Agree	Disagree	Neither Agree nor Disagree	Refresher on the initial parts of R	I am not the most comfortable with the basics of R. As it is such an incredibly powerful took for statistical analysis, I think I would just want to learn how to do some of the most basic plots and statistical analyses.
104	38	2021-06-28T21:22:43Z	2021-06-28T21:30:20Z	IP Address	100	456	TRUE	2021-06-28T21:30:20Z	Yes. I am 18 years of age or older.	Yes. I have read the consent form and this response will serve as my consent to participate in the research study.	NA	Tuesday, June 29, 2021	NA	Fralin Biomedical Research Institute at VTC	NA	NA	NA	NA	NA	NA	Analyst	NA	NA	NA	NA	NA	NA	Other, please describe	Research Assistant	Windows	Male	NA	NA	NA	NA	NA	NA	White (Having origins in any of the original peoples of Europe, the Middle East, or North Africa.)	NA	NA	NA	Samir Student	I have installed it, but have only done simple examples with them	I have heard of it but don’t remember what it is.	I could struggle through, but not confident I could do it	To learn new skills	NA	To learn skills that I can apply to my current work	To learn skills that I can apply to my work in the future	NA	NA	Strongly Agree	Disagree	Somewhat Agree	Somewhat Agree	Somewhat Disagree	Agree	Strongly Agree	Disagree	Somewhat Agree	Somewhat Agree	Somewhat Disagree	Somewhat Agree	Somewhat Agree	Disagree	Disagree	How to build a workflow for data analysis and make meaningful observations	Transform and clean data to run stats analyses on
105	39	2021-06-29T00:33:22Z	2021-06-29T00:47:15Z	IP Address	100	833	TRUE	2021-06-29T00:47:16Z	Yes. I am 18 years of age or older.	Yes. I have read the consent form and this response will serve as my consent to participate in the research study.	NA	Tuesday, June 29, 2021	NA	Other	Virginia Tech graduate	NA	NA	NA	PhD	NA	NA	NA	NA	NA	NA	NA	NA	NA	NA	Windows	Male	NA	NA	NA	NA	NA	NA	White (Having origins in any of the original peoples of Europe, the Middle East, or North Africa.)	NA	NA	NA	Alex Academic	I have installed it, but have only done simple examples with them	I have never heard of the term	I could struggle through by trial and error with a lot of web searches	To learn new skills	To refresh or review my skills	To learn skills that I can apply to my current work	To learn skills that I can apply to my work in the future	To learn skills that will help me get a job or a promotion	NA	Strongly Agree	Agree	Agree	Agree	Somewhat Disagree	Agree	Agree	Disagree	Somewhat Disagree	Somewhat Agree	Somewhat Agree	Somewhat Agree	Somewhat Agree	Disagree	Somewhat Agree	Command line skills and R skills	RNA-seq 16s-seq
106	40	2021-06-29T13:24:38Z	2021-06-29T13:29:44Z	IP Address	100	305	TRUE	2021-06-29T13:29:44Z	Yes. I am 18 years of age or older.	Yes. I have read the consent form and this response will serve as my consent to participate in the research study.	NA	Tuesday, June 29, 2021	NA	Fralin Biomedical Research Institute at VTC	NA	NA	NA	NA	NA	NA	NA	NA	NA	NA	Student (Graduate)	NA	NA	NA	NA	Windows	Gender variant/non-conforming	NA	NA	Asian (Having origins in any of the original peoples of the Far East, Southeast Asia, or the Indian subcontinent including, for example, Cambodia, China, India, Japan, Korea, Malaysia, Pakistan, Indonesia, the Philippine Islands, Thailand, and Vietnam.)	NA	NA	NA	White (Having origins in any of the original peoples of Europe, the Middle East, or North Africa.)	NA	NA	NA	Alex Academic	I have installed it, but have only done simple examples with them	I have never heard of the term	I wouldn't know where to start	To learn new skills	NA	NA	NA	NA	NA	Agree	Strongly Disagree	Strongly Agree	Somewhat Disagree	Disagree	Somewhat Agree	Somewhat Agree	Strongly Disagree	Strongly Disagree	Neither Agree nor Disagree	Somewhat Disagree	Somewhat Disagree	Somewhat Agree	Strongly Disagree	Strongly Disagree	Hope to learn the basics of R	Unsure
107	41	2021-06-29T14:39:22Z	2021-06-29T14:51:42Z	IP Address	100	739	TRUE	2021-06-29T14:51:42Z	Yes. I am 18 years of age or older.	Yes. I have read the consent form and this response will serve as my consent to participate in the research study.	NA	Tuesday, June 29, 2021	NA	Fralin Biomedical Research Institute at VTC	NA	NA	NA	NA	NA	Academic	NA	NA	NA	NA	NA	NA	NA	Other, please describe	Post Doc	Windows	Female	NA	NA	NA	NA	NA	NA	White (Having origins in any of the original peoples of Europe, the Middle East, or North Africa.)	NA	NA	NA	Samir Student	I program in them for work	I have some idea of what it is, but am not too clear	I could struggle through by trial and error with a lot of web searches	To learn new skills	To refresh or review my skills	NA	To learn skills that I can apply to my work in the future	NA	NA	Strongly Agree	Agree	Somewhat Agree	Agree	Somewhat Agree	Agree	Agree	Agree	Somewhat Agree	Somewhat Agree	Somewhat Agree	Agree	Agree	Somewhat Disagree	Somewhat Disagree	I hope to learn more programming skills and more about statistics	I can code pretty well in Python but I don't know too much about R, so I'm hoping to broaden my skillset and learn some R basics
108	42	2021-06-29T15:23:33Z	2021-06-29T15:30:48Z	IP Address	100	434	TRUE	2021-06-29T15:30:49Z	Yes. I am 18 years of age or older.	Yes. I have read the consent form and this response will serve as my consent to participate in the research study.	NA	Tuesday, June 29, 2021	NA	Fralin Biomedical Research Institute at VTC	NA	NA	NA	NA	NA	NA	NA	NA	NA	NA	Student (Graduate)	NA	NA	NA	NA	Windows	Female	NA	NA	NA	NA	NA	NA	White (Having origins in any of the original peoples of Europe, the Middle East, or North Africa.)	NA	NA	NA	Samir Student	I have written a small program with them before	I have heard of it but don’t remember what it is.	I could struggle through by trial and error with a lot of web searches	To learn new skills	NA	To learn skills that I can apply to my current work	To learn skills that I can apply to my work in the future	NA	As a requirement for my program or current position	Strongly Agree	Disagree	Agree	Somewhat Agree	Disagree	Agree	Agree	Disagree	Somewhat Agree	Agree	Agree	Somewhat Agree	Agree	Disagree	Somewhat Agree	I want to learn what exactly I can do in R and what it offers that other programs do not, and how I can use that to my advantage in my early research career.	I would like to be much more familiar with R and be able to do things more on my own without relying so heavily on the internet and the help of others for it.
109	43	2021-06-29T15:34:43Z	2021-06-29T15:52:55Z	IP Address	100	1091	TRUE	2021-06-29T15:52:55Z	Yes. I am 18 years of age or older.	Yes. I have read the consent form and this response will serve as my consent to participate in the research study.	NA	Tuesday, June 29, 2021	NA	Fralin Biomedical Research Institute at VTC	NA	NA	NA	NA	NA	NA	NA	NA	NA	NA	NA	Student (Undergraduate)	NA	NA	NA	Windows	Female	NA	NA	NA	NA	NA	NA	White (Having origins in any of the original peoples of Europe, the Middle East, or North Africa.)	NA	NA	NA	Clare Clinician	I have installed it, but have only done simple examples with them	I have never heard of the term	I could struggle through, but not confident I could do it	To learn new skills	NA	To learn skills that I can apply to my current work	To learn skills that I can apply to my work in the future	NA	NA	Somewhat Agree	Strongly Disagree	Somewhat Agree	Strongly Disagree	Strongly Disagree	Strongly Agree	Strongly Agree	Strongly Disagree	Strongly Disagree	Strongly Disagree	Strongly Disagree	Strongly Disagree	Strongly Disagree	Strongly Disagree	Strongly Disagree	About R	How to use R at a basic level so I can expand my understanding
110	44	2021-06-29T15:58:22Z	2021-06-29T16:12:46Z	IP Address	100	863	TRUE	2021-06-29T16:12:46Z	Yes. I am 18 years of age or older.	Yes. I have read the consent form and this response will serve as my consent to participate in the research study.	NA	Tuesday, June 29, 2021	NA	Fralin Biomedical Research Institute at VTC	NA	NA	NA	NA	NA	NA	NA	NA	NA	NA	Student (Graduate)	NA	NA	NA	NA	Windows	Male	NA	NA	NA	NA	NA	NA	White (Having origins in any of the original peoples of Europe, the Middle East, or North Africa.)	NA	NA	NA	Samir Student	I program in them for work	I know what it is and could explain what it pertains to	I could do it quickly with little or no use of external help	To learn new skills	To refresh or review my skills	To learn skills that I can apply to my current work	To learn skills that I can apply to my work in the future	To learn skills that will help me get a job or a promotion	NA	Strongly Agree	Somewhat Disagree	Somewhat Agree	Somewhat Agree	Somewhat Agree	Strongly Agree	Strongly Agree	Somewhat Agree	Somewhat Agree	Somewhat Agree	Agree	Somewhat Agree	Agree	Disagree	Neither Agree nor Disagree	I am hoping to sharpen my skills regarding writing clean, readable code that can be used by collaborators to recreate analyses. I also want to better understand best practices for using Github as a repository for research projects. Basically I want to efficiently share my code and not be embarrassed by it, hah.	I want to be able to more efficiently clean and prepare data for analysis, using easy-to-read code.
111	45	2021-06-29T16:31:37Z	2021-06-29T16:35:00Z	IP Address	100	203	TRUE	2021-06-29T16:35:01Z	Yes. I am 18 years of age or older.	Yes. I have read the consent form and this response will serve as my consent to participate in the research study.	NA	Tuesday, June 29, 2021	NA	Virginia Tech	NA	NA	NA	NA	NA	NA	NA	NA	NA	NA	NA	Student (Undergraduate)	NA	NA	NA	macOS	Female	NA	NA	NA	NA	NA	NA	White (Having origins in any of the original peoples of Europe, the Middle East, or North Africa.)	NA	NA	NA	Clare Clinician	I have installed it, but have only done simple examples with them	I have never heard of the term	I could struggle through, but not confident I could do it	To learn new skills	To refresh or review my skills	NA	To learn skills that I can apply to my work in the future	NA	NA	Agree	Somewhat Disagree	Agree	Somewhat Agree	Neither Agree nor Disagree	Somewhat Agree	Agree	Disagree	Disagree	Somewhat Agree	Neither Agree nor Disagree	Neither Agree nor Disagree	Somewhat Agree	Neither Agree nor Disagree	Somewhat Disagree	skills in R	Perform analysis
112	46	2021-06-29T17:10:47Z	2021-06-29T17:32:12Z	IP Address	100	1285	TRUE	2021-06-29T17:32:13Z	Yes. I am 18 years of age or older.	Yes. I have read the consent form and this response will serve as my consent to participate in the research study.	NA	Tuesday, June 29, 2021	NA	Fralin Biomedical Research Institute at VTC	NA	NA	NA	NA	NA	NA	NA	NA	NA	NA	NA	NA	NA	Other, please describe	Research Assistant	Windows	Female	NA	NA	NA	NA	Hispanic or Latino(a) (A person of Spanish-speaking origin or ancestry and/or Latin American origin or ancestry – includes Portuguese and Brazilians.)	NA	NA	NA	NA	NA	Clare Clinician	I have installed it, but have only done simple examples with them	I have never heard of the term	I could struggle through, but not confident I could do it	To learn new skills	NA	To learn skills that I can apply to my current work	To learn skills that I can apply to my work in the future	NA	NA	Agree	Strongly Disagree	Somewhat Agree	Strongly Disagree	Strongly Disagree	Neither Agree nor Disagree	Agree	Strongly Disagree	Strongly Disagree	Somewhat Disagree	Strongly Disagree	Strongly Disagree	Disagree	Strongly Disagree	Neither Agree nor Disagree	I hope to understand the basics of statistical analysis and plotting data that I produce	Understand how to begin to use R enough to do basics, or at least to know what to Google when I inevitably get stuck
113	47	2021-06-29T18:01:54Z	2021-06-29T18:13:22Z	IP Address	100	687	TRUE	2021-06-29T18:13:22Z	Yes. I am 18 years of age or older.	Yes. I have read the consent form and this response will serve as my consent to participate in the research study.	NA	Tuesday, June 29, 2021	NA	Fralin Biomedical Research Institute at VTC	NA	NA	NA	NA	NA	NA	Analyst	NA	NA	NA	NA	NA	NA	NA	NA	macOS	Male	NA	NA	NA	NA	NA	NA	White (Having origins in any of the original peoples of Europe, the Middle East, or North Africa.)	NA	NA	NA	Samir Student	I have installed it, but have only done simple examples with them	I have heard of it but don’t remember what it is.	I could struggle through by trial and error with a lot of web searches	To learn new skills	To refresh or review my skills	To learn skills that I can apply to my current work	To learn skills that I can apply to my work in the future	NA	NA	Agree	Somewhat Disagree	Somewhat Agree	Neither Agree nor Disagree	Somewhat Disagree	Somewhat Agree	Agree	Somewhat Agree	Somewhat Agree	Agree	Somewhat Disagree	Somewhat Agree	Agree	Somewhat Agree	Somewhat Agree	NA	NA
114	48	2021-06-30T14:36:56Z	2021-06-30T14:53:24Z	IP Address	100	987	TRUE	2021-06-30T14:53:24Z	Yes. I am 18 years of age or older.	Yes. I have read the consent form and this response will serve as my consent to participate in the research study.	NA	Tuesday, June 29, 2021	NA	Fralin Biomedical Research Institute at VTC	NA	NA	NA	NA	NA	NA	NA	NA	NA	NA	NA	Student (Undergraduate)	NA	NA	NA	macOS	Female	NA	NA	Asian (Having origins in any of the original peoples of the Far East, Southeast Asia, or the Indian subcontinent including, for example, Cambodia, China, India, Japan, Korea, Malaysia, Pakistan, Indonesia, the Philippine Islands, Thailand, and Vietnam.)	NA	NA	NA	NA	NA	NA	NA	Clare Clinician	I have heard of them but have never used them before	I have never heard of the term	I wouldn't know where to start	To learn new skills	NA	To learn skills that I can apply to my current work	To learn skills that I can apply to my work in the future	NA	NA	Neither Agree nor Disagree	Disagree	Disagree	Somewhat Disagree	Disagree	Somewhat Agree	Somewhat Agree	Strongly Disagree	Strongly Disagree	Somewhat Agree	Somewhat Agree	Somewhat Agree	Disagree	Disagree	Disagree	The basics of how to use R	How to use R to make projects more efficient
115	49	2021-06-30T18:05:49Z	2021-06-30T18:13:18Z	IP Address	100	448	TRUE	2021-06-30T18:13:18Z	Yes. I am 18 years of age or older.	Yes. I have read the consent form and this response will serve as my consent to participate in the research study.	NA	Tuesday, June 29, 2021	NA	Virginia Tech	NA	NA	NA	NA	NA	NA	NA	NA	NA	NA	NA	Student (Undergraduate)	NA	NA	NA	macOS	Male	NA	NA	NA	NA	NA	NA	White (Having origins in any of the original peoples of Europe, the Middle East, or North Africa.)	NA	NA	NA	Samir Student	I have heard of them but have never used them before	I have never heard of the term	I could struggle through by trial and error with a lot of web searches	To learn new skills	NA	To learn skills that I can apply to my current work	To learn skills that I can apply to my work in the future	NA	As a requirement for my program or current position	Agree	Disagree	Disagree	Disagree	Disagree	Agree	Agree	Disagree	Disagree	Somewhat Agree	Somewhat Agree	Somewhat Disagree	Strongly Agree	Disagree	Somewhat Agree	Learning the fundamentals of R and the code that is most helpful to analyze datasets	Be able to navigate through R
116	50	2021-06-30T18:20:41Z	2021-06-30T18:26:54Z	IP Address	100	373	TRUE	2021-06-30T18:26:55Z	Yes. I am 18 years of age or older.	Yes. I have read the consent form and this response will serve as my consent to participate in the research study.	NA	Tuesday, June 29, 2021	NA	Fralin Biomedical Research Institute at VTC	NA	NA	NA	NA	NA	NA	NA	NA	NA	NA	NA	NA	NA	Other, please describe	Research Assistant	Windows	Female	NA	NA	NA	NA	NA	NA	White (Having origins in any of the original peoples of Europe, the Middle East, or North Africa.)	NA	NA	NA	Alex Academic	I have written a small program with them before	I have some idea of what it is, but am not too clear	I could struggle through by trial and error with a lot of web searches	NA	NA	To learn skills that I can apply to my current work	To learn skills that I can apply to my work in the future	NA	NA	Agree	Somewhat Agree	Agree	Agree	Somewhat Agree	Somewhat Agree	Neither Agree nor Disagree	Somewhat Agree	Strongly Agree	Agree	Somewhat Agree	Agree	Strongly Agree	Somewhat Agree	Agree	Beginning help with learning Python and refresher on R	Implement basic programming skills in the datasets I am working on
117	51	2021-09-15T19:50:14Z	2021-09-15T19:57:00Z	IP Address	100	406	TRUE	2021-09-15T19:57:01Z	Yes. I am 18 years of age or older.	Yes. I have read the consent form and this response will serve as my consent to participate in the research study.	NA	Monday, September 20, 2021: In-Person	NA	Virginia Tech	NA	NA	NA	NA	NA	NA	NA	NA	NA	NA	Student (Graduate)	NA	NA	NA	NA	Windows	Female	NA	NA	NA	NA	NA	NA	White (Having origins in any of the original peoples of Europe, the Middle East, or North Africa.)	NA	NA	NA	Samir Student	I have written a small program with them before	I have some idea of what it is, but am not too clear	I could struggle through by trial and error with a lot of web searches	To learn new skills	To refresh or review my skills	NA	To learn skills that I can apply to my work in the future	NA	NA	Strongly Agree	Agree	Somewhat Agree	Somewhat Agree	Somewhat Agree	Agree	Strongly Agree	Disagree	Somewhat Agree	Somewhat Disagree	Somewhat Disagree	Somewhat Disagree	Somewhat Agree	Strongly Disagree	Agree	R refresher and basics	, I want to know how to do more than copy and paste. I don’t have programming basics, I just work off of existing code most of the time and need lots of examples
118	52	2021-09-17T17:03:16Z	2021-09-17T17:14:56Z	IP Address	100	699	TRUE	2021-09-17T17:14:56Z	Yes. I am 18 years of age or older.	Yes. I have read the consent form and this response will serve as my consent to participate in the research study.	NA	Monday, September 20, 2021: Virtual	NA	Other	University of Padova - Italy	NA	NA	NA	PhD	Academic	Analyst	NA	NA	NA	NA	NA	NA	NA	NA	Windows	Male	NA	NA	NA	NA	NA	NA	White (Having origins in any of the original peoples of Europe, the Middle East, or North Africa.)	NA	NA	NA	Patricia Programmer	I program in them for work	I know what it is and could explain what it pertains to	I could do it quickly with little or no use of external help	To learn new skills	To refresh or review my skills	To learn skills that I can apply to my current work	To learn skills that I can apply to my work in the future	To learn skills that will help me get a job or a promotion	NA	Neither Agree nor Disagree	Strongly Agree	Strongly Agree	Strongly Agree	Strongly Agree	Strongly Agree	Strongly Agree	Strongly Agree	Strongly Agree	Neither Agree nor Disagree	Somewhat Agree	Agree	Strongly Agree	Agree	Strongly Agree	Workflows, best-prectices, ways you teach them	A differente poit of view in data management/manipulation/analysis to enrich mine; and improve my teaching skills and experience :-)
119	53	2021-09-20T16:54:26Z	2021-09-20T17:02:37Z	IP Address	100	491	TRUE	2021-09-20T17:02:37Z	Yes. I am 18 years of age or older.	Yes. I have read the consent form and this response will serve as my consent to participate in the research study.	NA	Monday, September 20, 2021: Virtual	NA	Other	NA	NA	NA	NA	NA	NA	Analyst	NA	NA	NA	NA	NA	NA	NA	NA	Windows	Male	NA	NA	NA	NA	Hispanic or Latino(a) (A person of Spanish-speaking origin or ancestry and/or Latin American origin or ancestry – includes Portuguese and Brazilians.)	NA	NA	NA	NA	NA	Patricia Programmer	I program in them for work	I have some idea of what it is, but am not too clear	I could struggle through by trial and error with a lot of web searches	To learn new skills	NA	To learn skills that I can apply to my current work	NA	NA	As a requirement for my program or current position	Strongly Agree	Agree	Agree	Agree	Agree	Strongly Agree	Strongly Agree	Somewhat Agree	Somewhat Agree	Somewhat Agree	Somewhat Agree	Somewhat Agree	Somewhat Agree	Somewhat Agree	Neither Agree nor Disagree	Data analysis and statistical analysis for healthcare applications	Statistics, improve my coding abilities in R and Python.
120	54	2021-09-20T17:06:07Z	2021-09-20T17:09:17Z	IP Address	100	190	TRUE	2021-09-20T17:09:18Z	Yes. I am 18 years of age or older.	Yes. I have read the consent form and this response will serve as my consent to participate in the research study.	NA	Monday, September 20, 2021: Virtual	NA	Virginia Tech	NA	NA	NA	NA	NA	NA	NA	NA	NA	NA	Student (Graduate)	NA	NA	NA	NA	macOS	Male	NA	NA	NA	NA	NA	NA	White (Having origins in any of the original peoples of Europe, the Middle East, or North Africa.)	NA	NA	NA	Samir Student	I have installed it, but have only done simple examples with them	I have never heard of the term	I could struggle through, but not confident I could do it	NA	NA	To learn skills that I can apply to my current work	NA	NA	NA	Strongly Agree	Disagree	Agree	Somewhat Agree	Disagree	Agree	Agree	Agree	Somewhat Agree	Somewhat Agree	Agree	Agree	Agree	Somewhat Agree	Somewhat Agree	NA	NA
121	55	2021-09-20T17:14:54Z	2021-09-20T17:33:04Z	IP Address	100	1089	TRUE	2021-09-20T17:33:05Z	Yes. I am 18 years of age or older.	Yes. I have read the consent form and this response will serve as my consent to participate in the research study.	NA	Monday, September 20, 2021: Virtual	Monday sep 27 (I also attended last week)	Other	McGill University	NA	NA	NA	NA	Academic	Analyst	NA	NA	NA	NA	NA	NA	Other, please describe	Researcher	macOS	Prefer to self describe	Woman, non-binary	NA	NA	NA	NA	NA	White (Having origins in any of the original peoples of Europe, the Middle East, or North Africa.)	NA	NA	NA	Clare Clinician	I have installed it, but have only done simple examples with them	I have some idea of what it is, but am not too clear	I wouldn't know where to start	To learn new skills	To refresh or review my skills	To learn skills that I can apply to my current work	To learn skills that I can apply to my work in the future	To learn skills that will help me get a job or a promotion	NA	Neither Agree nor Disagree	Strongly Disagree	Strongly Agree	Somewhat Agree	Disagree	Strongly Agree	Strongly Agree	Somewhat Agree	Strongly Disagree	Agree	Agree	Disagree	Somewhat Agree	Strongly Disagree	Strongly Disagree	Basic skills in R and a good workflow, a stronger sense of what actions with data are available and appropriate, not feel like a deer in the headlights when accessing a new data set	import data into R, explore data without compromising anything important, know some basic things to do with a data set
122	56	2021-09-20T18:04:08Z	2021-09-20T18:10:42Z	IP Address	100	394	TRUE	2021-09-20T18:10:42Z	Yes. I am 18 years of age or older.	Yes. I have read the consent form and this response will serve as my consent to participate in the research study.	NA	Monday, September 20, 2021: Virtual	NA	NA	NA	DO/MD	NA	NA	NA	Academic	NA	NA	NA	NA	NA	NA	NA	NA	NA	Linux	Male	NA	NA	NA	Black or African American (Having origins in any of the Black racial groups of Africa – includes Caribbean Islanders and others of African origin.)	NA	NA	NA	NA	NA	NA	Alex Academic	I have small side projects that I program in it	I know what it is and could explain what it pertains to	I could do it quickly with little or no use of external help	To learn new skills	To refresh or review my skills	To learn skills that I can apply to my current work	To learn skills that I can apply to my work in the future	NA	NA	Strongly Agree	Strongly Agree	Strongly Agree	Strongly Agree	Agree	Strongly Agree	Strongly Agree	Agree	Agree	Somewhat Agree	Agree	Agree	Agree	Somewhat Agree	Agree	NA	NA
123	57	2021-09-20T18:08:25Z	2021-09-20T18:27:43Z	IP Address	100	1157	TRUE	2021-09-20T18:27:43Z	Yes. I am 18 years of age or older.	Yes. I have read the consent form and this response will serve as my consent to participate in the research study.	NA	Monday, September 20, 2021: Virtual	NA	Other	UTSW	NA	NA	NA	NA	NA	NA	NA	Student (MD/DO)	NA	NA	NA	NA	NA	NA	macOS	Female	NA	NA	Asian (Having origins in any of the original peoples of the Far East, Southeast Asia, or the Indian subcontinent including, for example, Cambodia, China, India, Japan, Korea, Malaysia, Pakistan, Indonesia, the Philippine Islands, Thailand, and Vietnam.)	NA	NA	NA	NA	NA	NA	NA	Samir Student	I have written a small program with them before	I have heard of it but don’t remember what it is.	I could struggle through by trial and error with a lot of web searches	To learn new skills	To refresh or review my skills	To learn skills that I can apply to my current work	To learn skills that I can apply to my work in the future	NA	NA	Strongly Agree	Agree	Agree	Agree	Neither Agree nor Disagree	Strongly Agree	Strongly Agree	Neither Agree nor Disagree	Neither Agree nor Disagree	Neither Agree nor Disagree	Neither Agree nor Disagree	Neither Agree nor Disagree	Somewhat Agree	Neither Agree nor Disagree	Neither Agree nor Disagree	Best practices	best practices in tidying data, interpretation and communicating to other researchers
124	58	2021-09-22T16:45:37Z	2021-09-22T17:01:21Z	IP Address	100	944	TRUE	2021-09-22T17:01:21Z	Yes. I am 18 years of age or older.	Yes. I have read the consent form and this response will serve as my consent to participate in the research study.	NA	Wednesday, September 22, 2021: In-Person	NA	Fralin Biomedical Research Institute at VTC	NA	NA	NA	NA	PhD	NA	NA	NA	NA	NA	NA	NA	NA	NA	NA	macOS	Female	NA	NA	NA	NA	NA	NA	White (Having origins in any of the original peoples of Europe, the Middle East, or North Africa.)	NA	NA	NA	Alex Academic	I have installed it, but have only done simple examples with them	I have some idea of what it is, but am not too clear	I could struggle through by trial and error with a lot of web searches	NA	NA	To learn skills that I can apply to my current work	To learn skills that I can apply to my work in the future	NA	NA	Agree	Disagree	Somewhat Agree	Somewhat Agree	Somewhat Disagree	Agree	Strongly Agree	Somewhat Agree	Somewhat Agree	Agree	Agree	Somewhat Agree	Somewhat Agree	Disagree	Somewhat Agree	An understanding of R and Python that go beyond just a broad strokes introduction and are readily applicable to actual data collected from a research study	How to handle messy data in tidyverse, especially with really large datasets; how to work with data that require multiple dataframes or tibbles to do the actual analysis (like time series data where one variable might have multiple measurements but other variables don't)
125	59	2021-09-22T18:03:29Z	2021-09-22T18:08:08Z	IP Address	100	279	TRUE	2021-09-22T18:08:09Z	Yes. I am 18 years of age or older.	Yes. I have read the consent form and this response will serve as my consent to participate in the research study.	NA	Wednesday, September 22, 2021: In-Person	NA	Fralin Biomedical Research Institute at VTC	NA	NA	NA	NA	NA	NA	NA	NA	NA	NA	NA	Student (Undergraduate)	NA	NA	NA	Windows	Female	NA	NA	NA	NA	NA	NA	White (Having origins in any of the original peoples of Europe, the Middle East, or North Africa.)	NA	NA	NA	Samir Student	I have installed it, but have only done simple examples with them	I have some idea of what it is, but am not too clear	I could struggle through by trial and error with a lot of web searches	NA	NA	To learn skills that I can apply to my current work	NA	NA	NA	Strongly Agree	Somewhat Agree	Somewhat Agree	Agree	Somewhat Agree	Strongly Agree	Strongly Agree	Strongly Agree	Strongly Agree	Strongly Agree	Somewhat Agree	Strongly Agree	Strongly Agree	Neither Agree nor Disagree	Somewhat Agree	How to perform basic python operations	coding in basic python
126	61	2021-09-23T16:51:47Z	2021-09-23T17:08:55Z	IP Address	100	1027	TRUE	2021-09-23T17:08:55Z	Yes. I am 18 years of age or older.	Yes. I have read the consent form and this response will serve as my consent to participate in the research study.	NA	Tuesday, June 29, 2021	NA	VCOM-Virginia	NA	NA	NA	NA	NA	NA	NA	NA	NA	NA	Student (Graduate)	NA	NA	NA	NA	Windows	Female	NA	NA	NA	Black or African American (Having origins in any of the Black racial groups of Africa – includes Caribbean Islanders and others of African origin.)	NA	NA	NA	NA	NA	NA	Patricia Programmer	I have heard of them but have never used them before	I have some idea of what it is, but am not too clear	I could do it quickly with little or no use of external help	To learn new skills	NA	NA	NA	NA	NA	Strongly Agree	Strongly Agree	Strongly Agree	Strongly Disagree	Agree	Strongly Agree	Strongly Agree	Strongly Agree	Strongly Agree	Strongly Agree	Strongly Agree	Strongly Agree	Strongly Agree	Strongly Agree	Strongly Agree	How to use R and Phyton for Data Analytic	Be able to put the learning into practice
127	62	2021-09-27T14:23:15Z	2021-09-27T14:29:52Z	IP Address	100	397	TRUE	2021-09-27T14:29:52Z	Yes. I am 18 years of age or older.	Yes. I have read the consent form and this response will serve as my consent to participate in the research study.	NA	Other	Monday, September 27	Other	University of Pennsylvania	NA	NA	NA	PhD	Academic	NA	NA	NA	NA	NA	NA	NA	NA	NA	macOS	Female	NA	NA	NA	NA	Hispanic or Latino(a) (A person of Spanish-speaking origin or ancestry and/or Latin American origin or ancestry – includes Portuguese and Brazilians.)	NA	NA	NA	NA	NA	Patricia Programmer	I program in them for work	I know what it is and could explain what it pertains to	I could do it quickly with little or no use of external help	To learn new skills	To refresh or review my skills	To learn skills that I can apply to my current work	To learn skills that I can apply to my work in the future	NA	NA	Strongly Agree	Strongly Agree	Strongly Agree	Strongly Agree	Strongly Agree	Strongly Agree	Strongly Agree	Strongly Agree	Strongly Agree	Somewhat Agree	Somewhat Agree	Somewhat Agree	Somewhat Agree	Disagree	Somewhat Agree	More advanced/refined approaches to statistical tests in R within a medical context	Feel comfortable with the tidymodels framework
128	63	2021-09-27T17:17:46Z	2021-09-27T17:23:40Z	IP Address	100	353	TRUE	2021-09-27T17:23:40Z	Yes. I am 18 years of age or older.	Yes. I have read the consent form and this response will serve as my consent to participate in the research study.	NA	Other	Wednesday 27th September, 2021: Virtual	Other	NA	NA	NA	NA	PhD	NA	NA	NA	NA	NA	NA	NA	NA	NA	NA	macOS	Male	NA	NA	NA	NA	NA	NA	NA	I prefer not to say.	NA	NA	Samir Student	I program in them for work	I have some idea of what it is, but am not too clear	I could struggle through, but not confident I could do it	NA	To refresh or review my skills	NA	NA	NA	NA	Strongly Agree	Somewhat Agree	Somewhat Agree	Somewhat Agree	Somewhat Agree	Agree	Agree	Somewhat Agree	Somewhat Agree	Agree	Agree	Somewhat Disagree	Somewhat Agree	Disagree	Disagree	More efficient coding in R to wrangle data	Be more proficient in manipulating my data
129	64	2021-09-27T17:29:19Z	2021-09-27T17:36:41Z	IP Address	100	441	TRUE	2021-09-27T17:36:41Z	Yes. I am 18 years of age or older.	Yes. I have read the consent form and this response will serve as my consent to participate in the research study.	NA	Other	9/27/201	Other	Michigan	NA	NA	NA	NA	NA	NA	NA	NA	NA	Student (Graduate)	NA	NA	NA	NA	Windows	Male	NA	NA	Asian (Having origins in any of the original peoples of the Far East, Southeast Asia, or the Indian subcontinent including, for example, Cambodia, China, India, Japan, Korea, Malaysia, Pakistan, Indonesia, the Philippine Islands, Thailand, and Vietnam.)	NA	NA	NA	NA	NA	NA	NA	Samir Student	I have written a small program with them before	I know what it is and could explain what it pertains to	I could do it quickly with little or no use of external help	To learn new skills	To refresh or review my skills	To learn skills that I can apply to my current work	NA	NA	NA	Strongly Agree	Neither Agree nor Disagree	Somewhat Agree	Neither Agree nor Disagree	Somewhat Agree	Strongly Agree	Strongly Agree	Agree	Agree	Agree	Agree	Agree	Strongly Agree	Somewhat Disagree	Somewhat Agree	Learn more about how to build predictive models in R. I am interested in tidymodels and other related packages.	Build models, compare model performance across various models
130	67	2021-09-27T18:09:07Z	2021-09-27T21:09:56Z	IP Address	100	10849	TRUE	2021-09-27T21:09:56Z	Yes. I am 18 years of age or older.	Yes. I have read the consent form and this response will serve as my consent to participate in the research study.	NA	Other	Monday, September 27, 2021	Other	University of the West Indies	DO/MD	NA	NA	NA	Academic	NA	NA	NA	NA	NA	NA	NA	NA	NA	Windows	Male	NA	NA	NA	Black or African American (Having origins in any of the Black racial groups of Africa – includes Caribbean Islanders and others of African origin.)	NA	NA	NA	NA	NA	NA	Alex Academic	I have written a small program with them before	I know what it is and could explain what it pertains to	I could do it quickly with little or no use of external help	To learn new skills	To refresh or review my skills	To learn skills that I can apply to my current work	To learn skills that I can apply to my work in the future	NA	NA	Agree	Somewhat Agree	Agree	Somewhat Agree	Somewhat Agree	Agree	Strongly Agree	Somewhat Agree	Somewhat Agree	Somewhat Agree	Somewhat Agree	Agree	Agree	Neither Agree nor Disagree	Somewhat Agree	increase my ability to explore data, understand ut and prepare it for more detailed analysis.	Prepare for detailed analysis such as various machine learning algorithms and choose the best model
131	68	2021-09-20T18:02:59Z	2021-09-21T12:45:39Z	IP Address	77	67359	FALSE	2021-10-18T01:22:55Z	Yes. I am 18 years of age or older.	Yes. I have read the consent form and this response will serve as my consent to participate in the research study.	NA	Monday, September 20, 2021: Virtual	NA	Other	NA	NA	NA	NA	PhD	NA	NA	NA	NA	NA	NA	NA	NA	NA	NA	macOS	Female	NA	NA	Asian (Having origins in any of the original peoples of the Far East, Southeast Asia, or the Indian subcontinent including, for example, Cambodia, China, India, Japan, Korea, Malaysia, Pakistan, Indonesia, the Philippine Islands, Thailand, and Vietnam.)	NA	NA	NA	NA	NA	NA	NA	Samir Student	I have installed it, but have only done simple examples with them	I have heard of it but don’t remember what it is.	I could struggle through by trial and error with a lot of web searches	NA	NA	NA	NA	NA	NA	NA	NA	NA	NA	NA	NA	NA	NA	NA	NA	NA	NA	NA	NA	NA	NA	NA
132	70	2021-09-20T17:20:54Z	2021-09-20T19:00:28Z	IP Address	77	5973	FALSE	2021-10-18T01:22:59Z	Yes. I am 18 years of age or older.	Yes. I have read the consent form and this response will serve as my consent to participate in the research study.	NA	Monday, September 20, 2021: Virtual	NA	Other	Bayero University Kano	NA	NA	NA	NA	NA	NA	NA	NA	NA	NA	NA	NA	Other, please describe	Physician scientist/ Lecturer	Windows	Male	NA	NA	NA	Black or African American (Having origins in any of the Black racial groups of Africa – includes Caribbean Islanders and others of African origin.)	NA	NA	NA	NA	NA	NA	Alex Academic	I do not know what those are	I have never heard of the term	I wouldn't know where to start	NA	NA	NA	NA	NA	NA	NA	NA	NA	NA	NA	NA	NA	NA	NA	NA	NA	NA	NA	NA	NA	NA	NA
