your_id	pre	ex1	ex2	ex3	sum	rand_id	code
1pogus	https://bit.ly/ds4biomed-p4-preworkshop	https://bit.ly/ffpMgM8	https://bit.ly/RBjn3Zn	https://bit.ly/rQvqRg6	https://bit.ly/ds4biomed-p4-sum	1	IS6
1dabec	https://bit.ly/ds4biomed-p4-preworkshop	https://bit.ly/mnUFNhe	https://bit.ly/3Hyaocf	https://bit.ly/3HBrEO2	https://bit.ly/ds4biomed-p4-sum	2	QB3
4lianj	https://bit.ly/ds4biomed-p4-preworkshop	https://bit.ly/30FsIj5	https://bit.ly/3HAKeFJ	https://bit.ly/3wZQ9zb	https://bit.ly/ds4biomed-p4-sum	3	OK5
3hostc	https://bit.ly/ds4biomed-p4-preworkshop	https://bit.ly/3nq0yB3	https://bit.ly/30B8DtH	https://bit.ly/3wXF2qx	https://bit.ly/ds4biomed-p4-sum	4	KJ2
0LIBOL	https://bit.ly/ds4biomed-p4-preworkshop	https://bit.ly/3nq0yB3	https://bit.ly/30B8DtH	https://bit.ly/3wXF2qx	https://bit.ly/ds4biomed-p4-sum	5	AX9
1sawes	https://bit.ly/ds4biomed-p4-preworkshop	https://bit.ly/ffpMgM8	https://bit.ly/RBjn3Zn	https://bit.ly/rQvqRg6	https://bit.ly/ds4biomed-p4-sum	6	KA1
2dunic	https://bit.ly/ds4biomed-p4-preworkshop	https://bit.ly/3nq0yB3	https://bit.ly/30B8DtH	https://bit.ly/3wXF2qx	https://bit.ly/ds4biomed-p4-sum	7	MI5
1bimil	https://bit.ly/ds4biomed-p4-preworkshop	https://bit.ly/30FsIj5	https://bit.ly/3HAKeFJ	https://bit.ly/3wZQ9zb	https://bit.ly/ds4biomed-p4-sum	8	EY0
1lacat	https://bit.ly/ds4biomed-p4-preworkshop	https://bit.ly/30FsIj5	https://bit.ly/3HAKeFJ	https://bit.ly/3wZQ9zb	https://bit.ly/ds4biomed-p4-sum	9	OP1
3mihar	https://bit.ly/ds4biomed-p4-preworkshop	https://bit.ly/ffpMgM8	https://bit.ly/RBjn3Zn	https://bit.ly/rQvqRg6	https://bit.ly/ds4biomed-p4-sum	10	IJ1
2micar	https://bit.ly/ds4biomed-p4-preworkshop	https://bit.ly/ffpMgM8	https://bit.ly/RBjn3Zn	https://bit.ly/rQvqRg6	https://bit.ly/ds4biomed-p4-sum	11	NZ8
1davec	https://bit.ly/ds4biomed-p4-preworkshop	https://bit.ly/mnUFNhe	https://bit.ly/3Hyaocf	https://bit.ly/3HBrEO2	https://bit.ly/ds4biomed-p4-sum	12	IX0
	https://bit.ly/ds4biomed-p4-preworkshop	https://bit.ly/3nq0yB3	https://bit.ly/30B8DtH	https://bit.ly/3wXF2qx	https://bit.ly/ds4biomed-p4-sum	13	UU9
	https://bit.ly/ds4biomed-p4-preworkshop	https://bit.ly/30FsIj5	https://bit.ly/3HAKeFJ	https://bit.ly/3wZQ9zb	https://bit.ly/ds4biomed-p4-sum	14	JZ1
	https://bit.ly/ds4biomed-p4-preworkshop	https://bit.ly/30FsIj5	https://bit.ly/3HAKeFJ	https://bit.ly/3wZQ9zb	https://bit.ly/ds4biomed-p4-sum	15	ZI9
	https://bit.ly/ds4biomed-p4-preworkshop	https://bit.ly/mnUFNhe	https://bit.ly/3Hyaocf	https://bit.ly/3HBrEO2	https://bit.ly/ds4biomed-p4-sum	16	RW1
	https://bit.ly/ds4biomed-p4-preworkshop	https://bit.ly/3nq0yB3	https://bit.ly/30B8DtH	https://bit.ly/3wXF2qx	https://bit.ly/ds4biomed-p4-sum	17	US9
	https://bit.ly/ds4biomed-p4-preworkshop	https://bit.ly/ffpMgM8	https://bit.ly/RBjn3Zn	https://bit.ly/rQvqRg6	https://bit.ly/ds4biomed-p4-sum	18	DS0
	https://bit.ly/ds4biomed-p4-preworkshop	https://bit.ly/mnUFNhe	https://bit.ly/3Hyaocf	https://bit.ly/3HBrEO2	https://bit.ly/ds4biomed-p4-sum	19	YR2
	https://bit.ly/ds4biomed-p4-preworkshop	https://bit.ly/mnUFNhe	https://bit.ly/3Hyaocf	https://bit.ly/3HBrEO2	https://bit.ly/ds4biomed-p4-sum	20	WW8
	https://bit.ly/ds4biomed-p4-preworkshop	https://bit.ly/30FsIj5	https://bit.ly/3HAKeFJ	https://bit.ly/3wZQ9zb	https://bit.ly/ds4biomed-p4-sum	21	YI6
	https://bit.ly/ds4biomed-p4-preworkshop	https://bit.ly/30FsIj5	https://bit.ly/3HAKeFJ	https://bit.ly/3wZQ9zb	https://bit.ly/ds4biomed-p4-sum	22	PD8
	https://bit.ly/ds4biomed-p4-preworkshop	https://bit.ly/30FsIj5	https://bit.ly/3HAKeFJ	https://bit.ly/3wZQ9zb	https://bit.ly/ds4biomed-p4-sum	23	RM7
	https://bit.ly/ds4biomed-p4-preworkshop	https://bit.ly/ffpMgM8	https://bit.ly/RBjn3Zn	https://bit.ly/rQvqRg6	https://bit.ly/ds4biomed-p4-sum	24	YQ3
	https://bit.ly/ds4biomed-p4-preworkshop	https://bit.ly/3nq0yB3	https://bit.ly/30B8DtH	https://bit.ly/3wXF2qx	https://bit.ly/ds4biomed-p4-sum	25	IS6
	https://bit.ly/ds4biomed-p4-preworkshop	https://bit.ly/30FsIj5	https://bit.ly/3HAKeFJ	https://bit.ly/3wZQ9zb	https://bit.ly/ds4biomed-p4-sum	26	QB3
	https://bit.ly/ds4biomed-p4-preworkshop	https://bit.ly/mnUFNhe	https://bit.ly/3Hyaocf	https://bit.ly/3HBrEO2	https://bit.ly/ds4biomed-p4-sum	27	OK5
	https://bit.ly/ds4biomed-p4-preworkshop	https://bit.ly/30FsIj5	https://bit.ly/3HAKeFJ	https://bit.ly/3wZQ9zb	https://bit.ly/ds4biomed-p4-sum	28	KJ2
	https://bit.ly/ds4biomed-p4-preworkshop	https://bit.ly/3nq0yB3	https://bit.ly/30B8DtH	https://bit.ly/3wXF2qx	https://bit.ly/ds4biomed-p4-sum	29	AX9
	https://bit.ly/ds4biomed-p4-preworkshop	https://bit.ly/ffpMgM8	https://bit.ly/RBjn3Zn	https://bit.ly/rQvqRg6	https://bit.ly/ds4biomed-p4-sum	30	KA1
	https://bit.ly/ds4biomed-p4-preworkshop	https://bit.ly/30FsIj5	https://bit.ly/3HAKeFJ	https://bit.ly/3wZQ9zb	https://bit.ly/ds4biomed-p4-sum	31	BG6
	https://bit.ly/ds4biomed-p4-preworkshop	https://bit.ly/30FsIj5	https://bit.ly/3HAKeFJ	https://bit.ly/3wZQ9zb	https://bit.ly/ds4biomed-p4-sum	32	QV8
	https://bit.ly/ds4biomed-p4-preworkshop	https://bit.ly/ffpMgM8	https://bit.ly/RBjn3Zn	https://bit.ly/rQvqRg6	https://bit.ly/ds4biomed-p4-sum	33	WE9
	https://bit.ly/ds4biomed-p4-preworkshop	https://bit.ly/30FsIj5	https://bit.ly/3HAKeFJ	https://bit.ly/3wZQ9zb	https://bit.ly/ds4biomed-p4-sum	34	IK3
	https://bit.ly/ds4biomed-p4-preworkshop	https://bit.ly/mnUFNhe	https://bit.ly/3Hyaocf	https://bit.ly/3HBrEO2	https://bit.ly/ds4biomed-p4-sum	35	SP6
	https://bit.ly/ds4biomed-p4-preworkshop	https://bit.ly/3nq0yB3	https://bit.ly/30B8DtH	https://bit.ly/3wXF2qx	https://bit.ly/ds4biomed-p4-sum	36	KZ2
	https://bit.ly/ds4biomed-p4-preworkshop	https://bit.ly/3nq0yB3	https://bit.ly/30B8DtH	https://bit.ly/3wXF2qx	https://bit.ly/ds4biomed-p4-sum	37	DN5
	https://bit.ly/ds4biomed-p4-preworkshop	https://bit.ly/30FsIj5	https://bit.ly/3HAKeFJ	https://bit.ly/3wZQ9zb	https://bit.ly/ds4biomed-p4-sum	38	ST5
	https://bit.ly/ds4biomed-p4-preworkshop	https://bit.ly/mnUFNhe	https://bit.ly/3Hyaocf	https://bit.ly/3HBrEO2	https://bit.ly/ds4biomed-p4-sum	39	IL7
	https://bit.ly/ds4biomed-p4-preworkshop	https://bit.ly/ffpMgM8	https://bit.ly/RBjn3Zn	https://bit.ly/rQvqRg6	https://bit.ly/ds4biomed-p4-sum	40	ZH2
	https://bit.ly/ds4biomed-p4-preworkshop	https://bit.ly/30FsIj5	https://bit.ly/3HAKeFJ	https://bit.ly/3wZQ9zb	https://bit.ly/ds4biomed-p4-sum	41	BR2
	https://bit.ly/ds4biomed-p4-preworkshop	https://bit.ly/30FsIj5	https://bit.ly/3HAKeFJ	https://bit.ly/3wZQ9zb	https://bit.ly/ds4biomed-p4-sum	42	QN5
	https://bit.ly/ds4biomed-p4-preworkshop	https://bit.ly/ffpMgM8	https://bit.ly/RBjn3Zn	https://bit.ly/rQvqRg6	https://bit.ly/ds4biomed-p4-sum	43	AS0
	https://bit.ly/ds4biomed-p4-preworkshop	https://bit.ly/30FsIj5	https://bit.ly/3HAKeFJ	https://bit.ly/3wZQ9zb	https://bit.ly/ds4biomed-p4-sum	44	VG0
	https://bit.ly/ds4biomed-p4-preworkshop	https://bit.ly/mnUFNhe	https://bit.ly/3Hyaocf	https://bit.ly/3HBrEO2	https://bit.ly/ds4biomed-p4-sum	45	WD9
	https://bit.ly/ds4biomed-p4-preworkshop	https://bit.ly/3nq0yB3	https://bit.ly/30B8DtH	https://bit.ly/3wXF2qx	https://bit.ly/ds4biomed-p4-sum	46	SM3
	https://bit.ly/ds4biomed-p4-preworkshop	https://bit.ly/30FsIj5	https://bit.ly/3HAKeFJ	https://bit.ly/3wZQ9zb	https://bit.ly/ds4biomed-p4-sum	47	PK3
	https://bit.ly/ds4biomed-p4-preworkshop	https://bit.ly/mnUFNhe	https://bit.ly/3Hyaocf	https://bit.ly/3HBrEO2	https://bit.ly/ds4biomed-p4-sum	48	MK1
	https://bit.ly/ds4biomed-p4-preworkshop	https://bit.ly/30FsIj5	https://bit.ly/3HAKeFJ	https://bit.ly/3wZQ9zb	https://bit.ly/ds4biomed-p4-sum	49	WD8
	https://bit.ly/ds4biomed-p4-preworkshop	https://bit.ly/30FsIj5	https://bit.ly/3HAKeFJ	https://bit.ly/3wZQ9zb	https://bit.ly/ds4biomed-p4-sum	50	KA4
	https://bit.ly/ds4biomed-p4-preworkshop	https://bit.ly/ffpMgM8	https://bit.ly/RBjn3Zn	https://bit.ly/rQvqRg6	https://bit.ly/ds4biomed-p4-sum	51	JX3
	https://bit.ly/ds4biomed-p4-preworkshop	https://bit.ly/3nq0yB3	https://bit.ly/30B8DtH	https://bit.ly/3wXF2qx	https://bit.ly/ds4biomed-p4-sum	52	WH1
	https://bit.ly/ds4biomed-p4-preworkshop	https://bit.ly/3nq0yB3	https://bit.ly/30B8DtH	https://bit.ly/3wXF2qx	https://bit.ly/ds4biomed-p4-sum	53	UY6
	https://bit.ly/ds4biomed-p4-preworkshop	https://bit.ly/30FsIj5	https://bit.ly/3HAKeFJ	https://bit.ly/3wZQ9zb	https://bit.ly/ds4biomed-p4-sum	54	GT2
	https://bit.ly/ds4biomed-p4-preworkshop	https://bit.ly/mnUFNhe	https://bit.ly/3Hyaocf	https://bit.ly/3HBrEO2	https://bit.ly/ds4biomed-p4-sum	55	GW2
	https://bit.ly/ds4biomed-p4-preworkshop	https://bit.ly/ffpMgM8	https://bit.ly/RBjn3Zn	https://bit.ly/rQvqRg6	https://bit.ly/ds4biomed-p4-sum	56	PH7
	https://bit.ly/ds4biomed-p4-preworkshop	https://bit.ly/ffpMgM8	https://bit.ly/RBjn3Zn	https://bit.ly/rQvqRg6	https://bit.ly/ds4biomed-p4-sum	57	VF0
	https://bit.ly/ds4biomed-p4-preworkshop	https://bit.ly/mnUFNhe	https://bit.ly/3Hyaocf	https://bit.ly/3HBrEO2	https://bit.ly/ds4biomed-p4-sum	58	CV7
	https://bit.ly/ds4biomed-p4-preworkshop	https://bit.ly/ffpMgM8	https://bit.ly/RBjn3Zn	https://bit.ly/rQvqRg6	https://bit.ly/ds4biomed-p4-sum	59	JG6
	https://bit.ly/ds4biomed-p4-preworkshop	https://bit.ly/30FsIj5	https://bit.ly/3HAKeFJ	https://bit.ly/3wZQ9zb	https://bit.ly/ds4biomed-p4-sum	60	PM1
	https://bit.ly/ds4biomed-p4-preworkshop	https://bit.ly/30FsIj5	https://bit.ly/3HAKeFJ	https://bit.ly/3wZQ9zb	https://bit.ly/ds4biomed-p4-sum	61	EH4
	https://bit.ly/ds4biomed-p4-preworkshop	https://bit.ly/30FsIj5	https://bit.ly/3HAKeFJ	https://bit.ly/3wZQ9zb	https://bit.ly/ds4biomed-p4-sum	62	BL8
	https://bit.ly/ds4biomed-p4-preworkshop	https://bit.ly/3nq0yB3	https://bit.ly/30B8DtH	https://bit.ly/3wXF2qx	https://bit.ly/ds4biomed-p4-sum	63	FX7
	https://bit.ly/ds4biomed-p4-preworkshop	https://bit.ly/30FsIj5	https://bit.ly/3HAKeFJ	https://bit.ly/3wZQ9zb	https://bit.ly/ds4biomed-p4-sum	64	OX3
	https://bit.ly/ds4biomed-p4-preworkshop	https://bit.ly/mnUFNhe	https://bit.ly/3Hyaocf	https://bit.ly/3HBrEO2	https://bit.ly/ds4biomed-p4-sum	65	OH5
	https://bit.ly/ds4biomed-p4-preworkshop	https://bit.ly/3nq0yB3	https://bit.ly/30B8DtH	https://bit.ly/3wXF2qx	https://bit.ly/ds4biomed-p4-sum	66	ZF1
	https://bit.ly/ds4biomed-p4-preworkshop	https://bit.ly/3nq0yB3	https://bit.ly/30B8DtH	https://bit.ly/3wXF2qx	https://bit.ly/ds4biomed-p4-sum	67	WY4
	https://bit.ly/ds4biomed-p4-preworkshop	https://bit.ly/ffpMgM8	https://bit.ly/RBjn3Zn	https://bit.ly/rQvqRg6	https://bit.ly/ds4biomed-p4-sum	68	IJ7
	https://bit.ly/ds4biomed-p4-preworkshop	https://bit.ly/3nq0yB3	https://bit.ly/30B8DtH	https://bit.ly/3wXF2qx	https://bit.ly/ds4biomed-p4-sum	69	OO3
	https://bit.ly/ds4biomed-p4-preworkshop	https://bit.ly/30FsIj5	https://bit.ly/3HAKeFJ	https://bit.ly/3wZQ9zb	https://bit.ly/ds4biomed-p4-sum	70	ZF9
	https://bit.ly/ds4biomed-p4-preworkshop	https://bit.ly/mnUFNhe	https://bit.ly/3Hyaocf	https://bit.ly/3HBrEO2	https://bit.ly/ds4biomed-p4-sum	71	BM9
	https://bit.ly/ds4biomed-p4-preworkshop	https://bit.ly/ffpMgM8	https://bit.ly/RBjn3Zn	https://bit.ly/rQvqRg6	https://bit.ly/ds4biomed-p4-sum	72	KG8
	https://bit.ly/ds4biomed-p4-preworkshop	https://bit.ly/30FsIj5	https://bit.ly/3HAKeFJ	https://bit.ly/3wZQ9zb	https://bit.ly/ds4biomed-p4-sum	73	KY3
	https://bit.ly/ds4biomed-p4-preworkshop	https://bit.ly/30FsIj5	https://bit.ly/3HAKeFJ	https://bit.ly/3wZQ9zb	https://bit.ly/ds4biomed-p4-sum	74	OD0
	https://bit.ly/ds4biomed-p4-preworkshop	https://bit.ly/30FsIj5	https://bit.ly/3HAKeFJ	https://bit.ly/3wZQ9zb	https://bit.ly/ds4biomed-p4-sum	75	FC5
	https://bit.ly/ds4biomed-p4-preworkshop	https://bit.ly/mnUFNhe	https://bit.ly/3Hyaocf	https://bit.ly/3HBrEO2	https://bit.ly/ds4biomed-p4-sum	76	DS8
	https://bit.ly/ds4biomed-p4-preworkshop	https://bit.ly/mnUFNhe	https://bit.ly/3Hyaocf	https://bit.ly/3HBrEO2	https://bit.ly/ds4biomed-p4-sum	77	PA4
	https://bit.ly/ds4biomed-p4-preworkshop	https://bit.ly/ffpMgM8	https://bit.ly/RBjn3Zn	https://bit.ly/rQvqRg6	https://bit.ly/ds4biomed-p4-sum	78	NZ0
	https://bit.ly/ds4biomed-p4-preworkshop	https://bit.ly/3nq0yB3	https://bit.ly/30B8DtH	https://bit.ly/3wXF2qx	https://bit.ly/ds4biomed-p4-sum	79	VM7
	https://bit.ly/ds4biomed-p4-preworkshop	https://bit.ly/30FsIj5	https://bit.ly/3HAKeFJ	https://bit.ly/3wZQ9zb	https://bit.ly/ds4biomed-p4-sum	80	OZ5
	https://bit.ly/ds4biomed-p4-preworkshop	https://bit.ly/mnUFNhe	https://bit.ly/3Hyaocf	https://bit.ly/3HBrEO2	https://bit.ly/ds4biomed-p4-sum	81	EV3
	https://bit.ly/ds4biomed-p4-preworkshop	https://bit.ly/ffpMgM8	https://bit.ly/RBjn3Zn	https://bit.ly/rQvqRg6	https://bit.ly/ds4biomed-p4-sum	82	GO1
	https://bit.ly/ds4biomed-p4-preworkshop	https://bit.ly/30FsIj5	https://bit.ly/3HAKeFJ	https://bit.ly/3wZQ9zb	https://bit.ly/ds4biomed-p4-sum	83	CR4
	https://bit.ly/ds4biomed-p4-preworkshop	https://bit.ly/30FsIj5	https://bit.ly/3HAKeFJ	https://bit.ly/3wZQ9zb	https://bit.ly/ds4biomed-p4-sum	84	YI0
	https://bit.ly/ds4biomed-p4-preworkshop	https://bit.ly/3nq0yB3	https://bit.ly/30B8DtH	https://bit.ly/3wXF2qx	https://bit.ly/ds4biomed-p4-sum	85	CO5
	https://bit.ly/ds4biomed-p4-preworkshop	https://bit.ly/30FsIj5	https://bit.ly/3HAKeFJ	https://bit.ly/3wZQ9zb	https://bit.ly/ds4biomed-p4-sum	86	CG2
	https://bit.ly/ds4biomed-p4-preworkshop	https://bit.ly/30FsIj5	https://bit.ly/3HAKeFJ	https://bit.ly/3wZQ9zb	https://bit.ly/ds4biomed-p4-sum	87	ZC1
	https://bit.ly/ds4biomed-p4-preworkshop	https://bit.ly/ffpMgM8	https://bit.ly/RBjn3Zn	https://bit.ly/rQvqRg6	https://bit.ly/ds4biomed-p4-sum	88	HH8
	https://bit.ly/ds4biomed-p4-preworkshop	https://bit.ly/30FsIj5	https://bit.ly/3HAKeFJ	https://bit.ly/3wZQ9zb	https://bit.ly/ds4biomed-p4-sum	89	OX7
	https://bit.ly/ds4biomed-p4-preworkshop	https://bit.ly/3nq0yB3	https://bit.ly/30B8DtH	https://bit.ly/3wXF2qx	https://bit.ly/ds4biomed-p4-sum	90	NO1
	https://bit.ly/ds4biomed-p4-preworkshop	https://bit.ly/30FsIj5	https://bit.ly/3HAKeFJ	https://bit.ly/3wZQ9zb	https://bit.ly/ds4biomed-p4-sum	91	IT5
	https://bit.ly/ds4biomed-p4-preworkshop	https://bit.ly/30FsIj5	https://bit.ly/3HAKeFJ	https://bit.ly/3wZQ9zb	https://bit.ly/ds4biomed-p4-sum	92	CA3
	https://bit.ly/ds4biomed-p4-preworkshop	https://bit.ly/mnUFNhe	https://bit.ly/3Hyaocf	https://bit.ly/3HBrEO2	https://bit.ly/ds4biomed-p4-sum	93	RL9
	https://bit.ly/ds4biomed-p4-preworkshop	https://bit.ly/mnUFNhe	https://bit.ly/3Hyaocf	https://bit.ly/3HBrEO2	https://bit.ly/ds4biomed-p4-sum	94	SE7
	https://bit.ly/ds4biomed-p4-preworkshop	https://bit.ly/ffpMgM8	https://bit.ly/RBjn3Zn	https://bit.ly/rQvqRg6	https://bit.ly/ds4biomed-p4-sum	95	ZF0
	https://bit.ly/ds4biomed-p4-preworkshop	https://bit.ly/3nq0yB3	https://bit.ly/30B8DtH	https://bit.ly/3wXF2qx	https://bit.ly/ds4biomed-p4-sum	96	SB5
	https://bit.ly/ds4biomed-p4-preworkshop	https://bit.ly/ffpMgM8	https://bit.ly/RBjn3Zn	https://bit.ly/rQvqRg6	https://bit.ly/ds4biomed-p4-sum	97	WD5
	https://bit.ly/ds4biomed-p4-preworkshop	https://bit.ly/30FsIj5	https://bit.ly/3HAKeFJ	https://bit.ly/3wZQ9zb	https://bit.ly/ds4biomed-p4-sum	98	FD0
	https://bit.ly/ds4biomed-p4-preworkshop	https://bit.ly/mnUFNhe	https://bit.ly/3Hyaocf	https://bit.ly/3HBrEO2	https://bit.ly/ds4biomed-p4-sum	99	VG9
	https://bit.ly/ds4biomed-p4-preworkshop	https://bit.ly/30FsIj5	https://bit.ly/3HAKeFJ	https://bit.ly/3wZQ9zb	https://bit.ly/ds4biomed-p4-sum	100	JO1
	https://bit.ly/ds4biomed-p4-preworkshop	https://bit.ly/3nq0yB3	https://bit.ly/30B8DtH	https://bit.ly/3wXF2qx	https://bit.ly/ds4biomed-p4-sum	101	FW9
	https://bit.ly/ds4biomed-p4-preworkshop	https://bit.ly/mnUFNhe	https://bit.ly/3Hyaocf	https://bit.ly/3HBrEO2	https://bit.ly/ds4biomed-p4-sum	102	WD7
	https://bit.ly/ds4biomed-p4-preworkshop	https://bit.ly/30FsIj5	https://bit.ly/3HAKeFJ	https://bit.ly/3wZQ9zb	https://bit.ly/ds4biomed-p4-sum	103	TH7
	https://bit.ly/ds4biomed-p4-preworkshop	https://bit.ly/3nq0yB3	https://bit.ly/30B8DtH	https://bit.ly/3wXF2qx	https://bit.ly/ds4biomed-p4-sum	104	UZ3
	https://bit.ly/ds4biomed-p4-preworkshop	https://bit.ly/ffpMgM8	https://bit.ly/RBjn3Zn	https://bit.ly/rQvqRg6	https://bit.ly/ds4biomed-p4-sum	105	QM2
	https://bit.ly/ds4biomed-p4-preworkshop	https://bit.ly/30FsIj5	https://bit.ly/3HAKeFJ	https://bit.ly/3wZQ9zb	https://bit.ly/ds4biomed-p4-sum	106	YL4
	https://bit.ly/ds4biomed-p4-preworkshop	https://bit.ly/ffpMgM8	https://bit.ly/RBjn3Zn	https://bit.ly/rQvqRg6	https://bit.ly/ds4biomed-p4-sum	107	QI8
	https://bit.ly/ds4biomed-p4-preworkshop	https://bit.ly/3nq0yB3	https://bit.ly/30B8DtH	https://bit.ly/3wXF2qx	https://bit.ly/ds4biomed-p4-sum	108	CH1
	https://bit.ly/ds4biomed-p4-preworkshop	https://bit.ly/30FsIj5	https://bit.ly/3HAKeFJ	https://bit.ly/3wZQ9zb	https://bit.ly/ds4biomed-p4-sum	109	ZZ5
	https://bit.ly/ds4biomed-p4-preworkshop	https://bit.ly/30FsIj5	https://bit.ly/3HAKeFJ	https://bit.ly/3wZQ9zb	https://bit.ly/ds4biomed-p4-sum	110	HY0
	https://bit.ly/ds4biomed-p4-preworkshop	https://bit.ly/3nq0yB3	https://bit.ly/30B8DtH	https://bit.ly/3wXF2qx	https://bit.ly/ds4biomed-p4-sum	111	JG8
	https://bit.ly/ds4biomed-p4-preworkshop	https://bit.ly/30FsIj5	https://bit.ly/3HAKeFJ	https://bit.ly/3wZQ9zb	https://bit.ly/ds4biomed-p4-sum	112	BW8
	https://bit.ly/ds4biomed-p4-preworkshop	https://bit.ly/ffpMgM8	https://bit.ly/RBjn3Zn	https://bit.ly/rQvqRg6	https://bit.ly/ds4biomed-p4-sum	113	CI1
	https://bit.ly/ds4biomed-p4-preworkshop	https://bit.ly/30FsIj5	https://bit.ly/3HAKeFJ	https://bit.ly/3wZQ9zb	https://bit.ly/ds4biomed-p4-sum	114	JF3
	https://bit.ly/ds4biomed-p4-preworkshop	https://bit.ly/mnUFNhe	https://bit.ly/3Hyaocf	https://bit.ly/3HBrEO2	https://bit.ly/ds4biomed-p4-sum	115	QI5
	https://bit.ly/ds4biomed-p4-preworkshop	https://bit.ly/mnUFNhe	https://bit.ly/3Hyaocf	https://bit.ly/3HBrEO2	https://bit.ly/ds4biomed-p4-sum	116	XZ8
	https://bit.ly/ds4biomed-p4-preworkshop	https://bit.ly/mnUFNhe	https://bit.ly/3Hyaocf	https://bit.ly/3HBrEO2	https://bit.ly/ds4biomed-p4-sum	117	QT4
	https://bit.ly/ds4biomed-p4-preworkshop	https://bit.ly/ffpMgM8	https://bit.ly/RBjn3Zn	https://bit.ly/rQvqRg6	https://bit.ly/ds4biomed-p4-sum	118	HH9
	https://bit.ly/ds4biomed-p4-preworkshop	https://bit.ly/mnUFNhe	https://bit.ly/3Hyaocf	https://bit.ly/3HBrEO2	https://bit.ly/ds4biomed-p4-sum	119	JZ4
	https://bit.ly/ds4biomed-p4-preworkshop	https://bit.ly/30FsIj5	https://bit.ly/3HAKeFJ	https://bit.ly/3wZQ9zb	https://bit.ly/ds4biomed-p4-sum	120	JQ8
	https://bit.ly/ds4biomed-p4-preworkshop	https://bit.ly/3nq0yB3	https://bit.ly/30B8DtH	https://bit.ly/3wXF2qx	https://bit.ly/ds4biomed-p4-sum	121	OK0
	https://bit.ly/ds4biomed-p4-preworkshop	https://bit.ly/3nq0yB3	https://bit.ly/30B8DtH	https://bit.ly/3wXF2qx	https://bit.ly/ds4biomed-p4-sum	122	KC5
	https://bit.ly/ds4biomed-p4-preworkshop	https://bit.ly/ffpMgM8	https://bit.ly/RBjn3Zn	https://bit.ly/rQvqRg6	https://bit.ly/ds4biomed-p4-sum	123	BM2
	https://bit.ly/ds4biomed-p4-preworkshop	https://bit.ly/30FsIj5	https://bit.ly/3HAKeFJ	https://bit.ly/3wZQ9zb	https://bit.ly/ds4biomed-p4-sum	124	DT9
	https://bit.ly/ds4biomed-p4-preworkshop	https://bit.ly/30FsIj5	https://bit.ly/3HAKeFJ	https://bit.ly/3wZQ9zb	https://bit.ly/ds4biomed-p4-sum	125	TY8
	https://bit.ly/ds4biomed-p4-preworkshop	https://bit.ly/30FsIj5	https://bit.ly/3HAKeFJ	https://bit.ly/3wZQ9zb	https://bit.ly/ds4biomed-p4-sum	126	JQ9
	https://bit.ly/ds4biomed-p4-preworkshop	https://bit.ly/mnUFNhe	https://bit.ly/3Hyaocf	https://bit.ly/3HBrEO2	https://bit.ly/ds4biomed-p4-sum	127	YR1
	https://bit.ly/ds4biomed-p4-preworkshop	https://bit.ly/3nq0yB3	https://bit.ly/30B8DtH	https://bit.ly/3wXF2qx	https://bit.ly/ds4biomed-p4-sum	128	MO4
	https://bit.ly/ds4biomed-p4-preworkshop	https://bit.ly/mnUFNhe	https://bit.ly/3Hyaocf	https://bit.ly/3HBrEO2	https://bit.ly/ds4biomed-p4-sum	129	UP8
	https://bit.ly/ds4biomed-p4-preworkshop	https://bit.ly/30FsIj5	https://bit.ly/3HAKeFJ	https://bit.ly/3wZQ9zb	https://bit.ly/ds4biomed-p4-sum	130	JQ1
	https://bit.ly/ds4biomed-p4-preworkshop	https://bit.ly/30FsIj5	https://bit.ly/3HAKeFJ	https://bit.ly/3wZQ9zb	https://bit.ly/ds4biomed-p4-sum	131	NW3
	https://bit.ly/ds4biomed-p4-preworkshop	https://bit.ly/ffpMgM8	https://bit.ly/RBjn3Zn	https://bit.ly/rQvqRg6	https://bit.ly/ds4biomed-p4-sum	132	PB6
	https://bit.ly/ds4biomed-p4-preworkshop	https://bit.ly/3nq0yB3	https://bit.ly/30B8DtH	https://bit.ly/3wXF2qx	https://bit.ly/ds4biomed-p4-sum	133	UP1
	https://bit.ly/ds4biomed-p4-preworkshop	https://bit.ly/30FsIj5	https://bit.ly/3HAKeFJ	https://bit.ly/3wZQ9zb	https://bit.ly/ds4biomed-p4-sum	134	RR4
	https://bit.ly/ds4biomed-p4-preworkshop	https://bit.ly/ffpMgM8	https://bit.ly/RBjn3Zn	https://bit.ly/rQvqRg6	https://bit.ly/ds4biomed-p4-sum	135	EM6
	https://bit.ly/ds4biomed-p4-preworkshop	https://bit.ly/30FsIj5	https://bit.ly/3HAKeFJ	https://bit.ly/3wZQ9zb	https://bit.ly/ds4biomed-p4-sum	136	WW4
	https://bit.ly/ds4biomed-p4-preworkshop	https://bit.ly/mnUFNhe	https://bit.ly/3Hyaocf	https://bit.ly/3HBrEO2	https://bit.ly/ds4biomed-p4-sum	137	XY8
	https://bit.ly/ds4biomed-p4-preworkshop	https://bit.ly/ffpMgM8	https://bit.ly/RBjn3Zn	https://bit.ly/rQvqRg6	https://bit.ly/ds4biomed-p4-sum	138	QX2
	https://bit.ly/ds4biomed-p4-preworkshop	https://bit.ly/30FsIj5	https://bit.ly/3HAKeFJ	https://bit.ly/3wZQ9zb	https://bit.ly/ds4biomed-p4-sum	139	BG4
	https://bit.ly/ds4biomed-p4-preworkshop	https://bit.ly/30FsIj5	https://bit.ly/3HAKeFJ	https://bit.ly/3wZQ9zb	https://bit.ly/ds4biomed-p4-sum	140	MO2
	https://bit.ly/ds4biomed-p4-preworkshop	https://bit.ly/ffpMgM8	https://bit.ly/RBjn3Zn	https://bit.ly/rQvqRg6	https://bit.ly/ds4biomed-p4-sum	141	CD3
	https://bit.ly/ds4biomed-p4-preworkshop	https://bit.ly/30FsIj5	https://bit.ly/3HAKeFJ	https://bit.ly/3wZQ9zb	https://bit.ly/ds4biomed-p4-sum	142	FE3
	https://bit.ly/ds4biomed-p4-preworkshop	https://bit.ly/3nq0yB3	https://bit.ly/30B8DtH	https://bit.ly/3wXF2qx	https://bit.ly/ds4biomed-p4-sum	143	QK2
	https://bit.ly/ds4biomed-p4-preworkshop	https://bit.ly/mnUFNhe	https://bit.ly/3Hyaocf	https://bit.ly/3HBrEO2	https://bit.ly/ds4biomed-p4-sum	144	OX9
	https://bit.ly/ds4biomed-p4-preworkshop	https://bit.ly/30FsIj5	https://bit.ly/3HAKeFJ	https://bit.ly/3wZQ9zb	https://bit.ly/ds4biomed-p4-sum	145	PC1
	https://bit.ly/ds4biomed-p4-preworkshop	https://bit.ly/3nq0yB3	https://bit.ly/30B8DtH	https://bit.ly/3wXF2qx	https://bit.ly/ds4biomed-p4-sum	146	JD3
	https://bit.ly/ds4biomed-p4-preworkshop	https://bit.ly/mnUFNhe	https://bit.ly/3Hyaocf	https://bit.ly/3HBrEO2	https://bit.ly/ds4biomed-p4-sum	147	US6
	https://bit.ly/ds4biomed-p4-preworkshop	https://bit.ly/30FsIj5	https://bit.ly/3HAKeFJ	https://bit.ly/3wZQ9zb	https://bit.ly/ds4biomed-p4-sum	148	QQ9
	https://bit.ly/ds4biomed-p4-preworkshop	https://bit.ly/3nq0yB3	https://bit.ly/30B8DtH	https://bit.ly/3wXF2qx	https://bit.ly/ds4biomed-p4-sum	149	UE6
	https://bit.ly/ds4biomed-p4-preworkshop	https://bit.ly/ffpMgM8	https://bit.ly/RBjn3Zn	https://bit.ly/rQvqRg6	https://bit.ly/ds4biomed-p4-sum	150	GG0
	https://bit.ly/ds4biomed-p4-preworkshop	https://bit.ly/30FsIj5	https://bit.ly/3HAKeFJ	https://bit.ly/3wZQ9zb	https://bit.ly/ds4biomed-p4-sum	151	OT9
	https://bit.ly/ds4biomed-p4-preworkshop	https://bit.ly/mnUFNhe	https://bit.ly/3Hyaocf	https://bit.ly/3HBrEO2	https://bit.ly/ds4biomed-p4-sum	152	XM3
	https://bit.ly/ds4biomed-p4-preworkshop	https://bit.ly/30FsIj5	https://bit.ly/3HAKeFJ	https://bit.ly/3wZQ9zb	https://bit.ly/ds4biomed-p4-sum	153	MY6
	https://bit.ly/ds4biomed-p4-preworkshop	https://bit.ly/30FsIj5	https://bit.ly/3HAKeFJ	https://bit.ly/3wZQ9zb	https://bit.ly/ds4biomed-p4-sum	154	UQ7
	https://bit.ly/ds4biomed-p4-preworkshop	https://bit.ly/3nq0yB3	https://bit.ly/30B8DtH	https://bit.ly/3wXF2qx	https://bit.ly/ds4biomed-p4-sum	155	NW6
	https://bit.ly/ds4biomed-p4-preworkshop	https://bit.ly/ffpMgM8	https://bit.ly/RBjn3Zn	https://bit.ly/rQvqRg6	https://bit.ly/ds4biomed-p4-sum	156	PN4
	https://bit.ly/ds4biomed-p4-preworkshop	https://bit.ly/mnUFNhe	https://bit.ly/3Hyaocf	https://bit.ly/3HBrEO2	https://bit.ly/ds4biomed-p4-sum	157	WP8
	https://bit.ly/ds4biomed-p4-preworkshop	https://bit.ly/ffpMgM8	https://bit.ly/RBjn3Zn	https://bit.ly/rQvqRg6	https://bit.ly/ds4biomed-p4-sum	158	UY9
	https://bit.ly/ds4biomed-p4-preworkshop	https://bit.ly/ffpMgM8	https://bit.ly/RBjn3Zn	https://bit.ly/rQvqRg6	https://bit.ly/ds4biomed-p4-sum	159	DV8
	https://bit.ly/ds4biomed-p4-preworkshop	https://bit.ly/30FsIj5	https://bit.ly/3HAKeFJ	https://bit.ly/3wZQ9zb	https://bit.ly/ds4biomed-p4-sum	160	VG7
	https://bit.ly/ds4biomed-p4-preworkshop	https://bit.ly/3nq0yB3	https://bit.ly/30B8DtH	https://bit.ly/3wXF2qx	https://bit.ly/ds4biomed-p4-sum	161	TJ0
	https://bit.ly/ds4biomed-p4-preworkshop	https://bit.ly/mnUFNhe	https://bit.ly/3Hyaocf	https://bit.ly/3HBrEO2	https://bit.ly/ds4biomed-p4-sum	162	FS4
	https://bit.ly/ds4biomed-p4-preworkshop	https://bit.ly/30FsIj5	https://bit.ly/3HAKeFJ	https://bit.ly/3wZQ9zb	https://bit.ly/ds4biomed-p4-sum	163	HL7
	https://bit.ly/ds4biomed-p4-preworkshop	https://bit.ly/30FsIj5	https://bit.ly/3HAKeFJ	https://bit.ly/3wZQ9zb	https://bit.ly/ds4biomed-p4-sum	164	QI1
	https://bit.ly/ds4biomed-p4-preworkshop	https://bit.ly/3nq0yB3	https://bit.ly/30B8DtH	https://bit.ly/3wXF2qx	https://bit.ly/ds4biomed-p4-sum	165	TH9
	https://bit.ly/ds4biomed-p4-preworkshop	https://bit.ly/30FsIj5	https://bit.ly/3HAKeFJ	https://bit.ly/3wZQ9zb	https://bit.ly/ds4biomed-p4-sum	166	KJ1
	https://bit.ly/ds4biomed-p4-preworkshop	https://bit.ly/mnUFNhe	https://bit.ly/3Hyaocf	https://bit.ly/3HBrEO2	https://bit.ly/ds4biomed-p4-sum	167	DG0
	https://bit.ly/ds4biomed-p4-preworkshop	https://bit.ly/3nq0yB3	https://bit.ly/30B8DtH	https://bit.ly/3wXF2qx	https://bit.ly/ds4biomed-p4-sum	168	SH1
	https://bit.ly/ds4biomed-p4-preworkshop	https://bit.ly/ffpMgM8	https://bit.ly/RBjn3Zn	https://bit.ly/rQvqRg6	https://bit.ly/ds4biomed-p4-sum	169	LZ4
	https://bit.ly/ds4biomed-p4-preworkshop	https://bit.ly/30FsIj5	https://bit.ly/3HAKeFJ	https://bit.ly/3wZQ9zb	https://bit.ly/ds4biomed-p4-sum	170	BA4
	https://bit.ly/ds4biomed-p4-preworkshop	https://bit.ly/ffpMgM8	https://bit.ly/RBjn3Zn	https://bit.ly/rQvqRg6	https://bit.ly/ds4biomed-p4-sum	171	QR6
	https://bit.ly/ds4biomed-p4-preworkshop	https://bit.ly/3nq0yB3	https://bit.ly/30B8DtH	https://bit.ly/3wXF2qx	https://bit.ly/ds4biomed-p4-sum	172	NF9
	https://bit.ly/ds4biomed-p4-preworkshop	https://bit.ly/30FsIj5	https://bit.ly/3HAKeFJ	https://bit.ly/3wZQ9zb	https://bit.ly/ds4biomed-p4-sum	173	FE8
	https://bit.ly/ds4biomed-p4-preworkshop	https://bit.ly/mnUFNhe	https://bit.ly/3Hyaocf	https://bit.ly/3HBrEO2	https://bit.ly/ds4biomed-p4-sum	174	MH1
	https://bit.ly/ds4biomed-p4-preworkshop	https://bit.ly/30FsIj5	https://bit.ly/3HAKeFJ	https://bit.ly/3wZQ9zb	https://bit.ly/ds4biomed-p4-sum	175	GS6
	https://bit.ly/ds4biomed-p4-preworkshop	https://bit.ly/30FsIj5	https://bit.ly/3HAKeFJ	https://bit.ly/3wZQ9zb	https://bit.ly/ds4biomed-p4-sum	176	RA2
	https://bit.ly/ds4biomed-p4-preworkshop	https://bit.ly/30FsIj5	https://bit.ly/3HAKeFJ	https://bit.ly/3wZQ9zb	https://bit.ly/ds4biomed-p4-sum	177	KC6
	https://bit.ly/ds4biomed-p4-preworkshop	https://bit.ly/mnUFNhe	https://bit.ly/3Hyaocf	https://bit.ly/3HBrEO2	https://bit.ly/ds4biomed-p4-sum	178	SX6
	https://bit.ly/ds4biomed-p4-preworkshop	https://bit.ly/ffpMgM8	https://bit.ly/RBjn3Zn	https://bit.ly/rQvqRg6	https://bit.ly/ds4biomed-p4-sum	179	IS2
	https://bit.ly/ds4biomed-p4-preworkshop	https://bit.ly/3nq0yB3	https://bit.ly/30B8DtH	https://bit.ly/3wXF2qx	https://bit.ly/ds4biomed-p4-sum	180	PQ5
	https://bit.ly/ds4biomed-p4-preworkshop	https://bit.ly/3nq0yB3	https://bit.ly/30B8DtH	https://bit.ly/3wXF2qx	https://bit.ly/ds4biomed-p4-sum	181	OX6
	https://bit.ly/ds4biomed-p4-preworkshop	https://bit.ly/30FsIj5	https://bit.ly/3HAKeFJ	https://bit.ly/3wZQ9zb	https://bit.ly/ds4biomed-p4-sum	182	TM3
	https://bit.ly/ds4biomed-p4-preworkshop	https://bit.ly/mnUFNhe	https://bit.ly/3Hyaocf	https://bit.ly/3HBrEO2	https://bit.ly/ds4biomed-p4-sum	183	BU0
	https://bit.ly/ds4biomed-p4-preworkshop	https://bit.ly/30FsIj5	https://bit.ly/3HAKeFJ	https://bit.ly/3wZQ9zb	https://bit.ly/ds4biomed-p4-sum	184	OK8
	https://bit.ly/ds4biomed-p4-preworkshop	https://bit.ly/30FsIj5	https://bit.ly/3HAKeFJ	https://bit.ly/3wZQ9zb	https://bit.ly/ds4biomed-p4-sum	185	HH5
	https://bit.ly/ds4biomed-p4-preworkshop	https://bit.ly/ffpMgM8	https://bit.ly/RBjn3Zn	https://bit.ly/rQvqRg6	https://bit.ly/ds4biomed-p4-sum	186	IB3
	https://bit.ly/ds4biomed-p4-preworkshop	https://bit.ly/30FsIj5	https://bit.ly/3HAKeFJ	https://bit.ly/3wZQ9zb	https://bit.ly/ds4biomed-p4-sum	187	KC1
	https://bit.ly/ds4biomed-p4-preworkshop	https://bit.ly/30FsIj5	https://bit.ly/3HAKeFJ	https://bit.ly/3wZQ9zb	https://bit.ly/ds4biomed-p4-sum	188	QK4
	https://bit.ly/ds4biomed-p4-preworkshop	https://bit.ly/ffpMgM8	https://bit.ly/RBjn3Zn	https://bit.ly/rQvqRg6	https://bit.ly/ds4biomed-p4-sum	189	GQ7
	https://bit.ly/ds4biomed-p4-preworkshop	https://bit.ly/mnUFNhe	https://bit.ly/3Hyaocf	https://bit.ly/3HBrEO2	https://bit.ly/ds4biomed-p4-sum	190	QV5
	https://bit.ly/ds4biomed-p4-preworkshop	https://bit.ly/3nq0yB3	https://bit.ly/30B8DtH	https://bit.ly/3wXF2qx	https://bit.ly/ds4biomed-p4-sum	191	FO9
	https://bit.ly/ds4biomed-p4-preworkshop	https://bit.ly/30FsIj5	https://bit.ly/3HAKeFJ	https://bit.ly/3wZQ9zb	https://bit.ly/ds4biomed-p4-sum	192	IL5
	https://bit.ly/ds4biomed-p4-preworkshop	https://bit.ly/ffpMgM8	https://bit.ly/RBjn3Zn	https://bit.ly/rQvqRg6	https://bit.ly/ds4biomed-p4-sum	193	BD1
	https://bit.ly/ds4biomed-p4-preworkshop	https://bit.ly/mnUFNhe	https://bit.ly/3Hyaocf	https://bit.ly/3HBrEO2	https://bit.ly/ds4biomed-p4-sum	194	IH2
	https://bit.ly/ds4biomed-p4-preworkshop	https://bit.ly/3nq0yB3	https://bit.ly/30B8DtH	https://bit.ly/3wXF2qx	https://bit.ly/ds4biomed-p4-sum	195	SB3
	https://bit.ly/ds4biomed-p4-preworkshop	https://bit.ly/30FsIj5	https://bit.ly/3HAKeFJ	https://bit.ly/3wZQ9zb	https://bit.ly/ds4biomed-p4-sum	196	BG9
	https://bit.ly/ds4biomed-p4-preworkshop	https://bit.ly/30FsIj5	https://bit.ly/3HAKeFJ	https://bit.ly/3wZQ9zb	https://bit.ly/ds4biomed-p4-sum	197	YY8
	https://bit.ly/ds4biomed-p4-preworkshop	https://bit.ly/30FsIj5	https://bit.ly/3HAKeFJ	https://bit.ly/3wZQ9zb	https://bit.ly/ds4biomed-p4-sum	198	BA8
	https://bit.ly/ds4biomed-p4-preworkshop	https://bit.ly/30FsIj5	https://bit.ly/3HAKeFJ	https://bit.ly/3wZQ9zb	https://bit.ly/ds4biomed-p4-sum	199	US0
	https://bit.ly/ds4biomed-p4-preworkshop	https://bit.ly/ffpMgM8	https://bit.ly/RBjn3Zn	https://bit.ly/rQvqRg6	https://bit.ly/ds4biomed-p4-sum	200	HK7
	https://bit.ly/ds4biomed-p4-preworkshop	https://bit.ly/3nq0yB3	https://bit.ly/30B8DtH	https://bit.ly/3wXF2qx	https://bit.ly/ds4biomed-p4-sum	201	UZ6
	https://bit.ly/ds4biomed-p4-preworkshop	https://bit.ly/mnUFNhe	https://bit.ly/3Hyaocf	https://bit.ly/3HBrEO2	https://bit.ly/ds4biomed-p4-sum	202	JD7
	https://bit.ly/ds4biomed-p4-preworkshop	https://bit.ly/mnUFNhe	https://bit.ly/3Hyaocf	https://bit.ly/3HBrEO2	https://bit.ly/ds4biomed-p4-sum	203	AL3
	https://bit.ly/ds4biomed-p4-preworkshop	https://bit.ly/3nq0yB3	https://bit.ly/30B8DtH	https://bit.ly/3wXF2qx	https://bit.ly/ds4biomed-p4-sum	204	XW0
	https://bit.ly/ds4biomed-p4-preworkshop	https://bit.ly/30FsIj5	https://bit.ly/3HAKeFJ	https://bit.ly/3wZQ9zb	https://bit.ly/ds4biomed-p4-sum	205	VL4
	https://bit.ly/ds4biomed-p4-preworkshop	https://bit.ly/ffpMgM8	https://bit.ly/RBjn3Zn	https://bit.ly/rQvqRg6	https://bit.ly/ds4biomed-p4-sum	206	BY5